player_name,champion_name,role,games_played,wins,win_rate
113,Maokai,UNKNOWN,7,5,0.7142857142857143
113,Nidalee,UNKNOWN,5,2,0.4
113,Sejuani,UNKNOWN,7,2,0.2857142857142857
113,Xin Zhao,UNKNOWN,7,3,0.4285714285714285
1Jiang,Ambessa,UNKNOWN,9,1,0.1111111111111111
1Jiang,Gwen,UNKNOWN,5,3,0.6
1Jiang,K'Sante,UNKNOWN,6,2,0.3333333333333333
1Jiang,Rumble,UNKNOWN,12,3,0.25
1Jiang,Sion,UNKNOWN,8,3,0.375
1xn,Ashe,ADC,9,3,0.3333333333333333
1xn,Corki,ADC,3,3,1.0
1xn,Ezreal,ADC,12,5,0.4166666666666667
1xn,Jhin,ADC,1,1,1.0
1xn,Jinx,ADC,5,4,0.8
1xn,Kai'Sa,ADC,10,2,0.2
1xn,Lucian,ADC,6,1,0.1666666666666666
1xn,Miss Fortune,ADC,12,3,0.25
1xn,Varus,ADC,13,5,0.38461538461538464
1xn,Xayah,ADC,6,2,0.3333333333333333
1xn,Yunara,ADC,1,1,1.0
1xn,Ziggs,ADC,1,0,0.0
369,Aatrox,TOP,13,11,0.8461538461538461
369,Ambessa,TOP,15,10,0.6666666666666666
369,Gnar,TOP,14,13,0.9285714285714286
369,Gragas,TOP,6,5,0.8333333333333334
369,Gwen,TOP,5,5,1.0
369,Jayce,TOP,19,14,0.7368421052631579
369,K'Sante,TOP,12,10,0.8333333333333334
369,Kennen,TOP,1,1,1.0
369,Mordekaiser,TOP,1,0,0.0
369,Ornn,TOP,13,10,0.7692307692307693
369,Poppy,TOP,4,3,0.75
369,Renekton,TOP,15,11,0.7333333333333333
369,Rumble,TOP,20,16,0.8
369,Sion,TOP,15,11,0.7333333333333333
369,Yone,TOP,1,0,0.0
369,Yorick,TOP,2,0,0.0
APA,Annie,MID,5,1,0.2
APA,Aurora,MID,1,1,1.0
APA,Azir,MID,11,7,0.6363636363636364
APA,Taliyah,MID,14,10,0.7142857142857143
APA,Ziggs,MID,10,5,0.5
Abbedagge,Azir,UNKNOWN,5,0,0.0
Abbedagge,Ryze,UNKNOWN,6,0,0.0
Abbedagge,Taliyah,UNKNOWN,7,1,0.1428571428571428
About,Aphelios,ADC,1,0,0.0
About,Corki,ADC,2,1,0.5
About,Ezreal,ADC,2,2,1.0
About,Mel,ADC,1,0,0.0
About,Sivir,ADC,2,2,1.0
About,Varus,ADC,3,3,1.0
About,Yunara,ADC,1,0,0.0
Ackerman,Alistar,UNKNOWN,11,8,0.7272727272727273
Ackerman,Nautilus,UNKNOWN,7,1,0.1428571428571428
Ackerman,Rakan,UNKNOWN,8,3,0.375
Adam,Jayce,UNKNOWN,8,1,0.125
Aegis,Sejuani,UNKNOWN,6,3,0.5
Ahn,Corki,UNKNOWN,11,7,0.6363636363636364
Ahn,Ezreal,UNKNOWN,5,2,0.4
Ahn,Jhin,UNKNOWN,6,3,0.5
Ahn,Kai'Sa,UNKNOWN,8,5,0.625
Ahn,Senna,UNKNOWN,6,3,0.5
Ahn,Varus,UNKNOWN,9,6,0.6666666666666666
Aiming,Corki,ADC,9,5,0.5555555555555556
Aiming,Ezreal,ADC,16,11,0.6875
Aiming,Jhin,ADC,12,9,0.75
Aiming,Kai'Sa,ADC,12,6,0.5
Aiming,Lucian,ADC,9,4,0.4444444444444444
Aiming,Miss Fortune,ADC,14,6,0.4285714285714285
Aiming,Senna,ADC,7,5,0.7142857142857143
Aiming,Sivir,ADC,5,3,0.6
Aiming,Varus,ADC,14,8,0.5714285714285714
Aiming,Yunara,ADC,2,1,0.5
Aiming,Zeri,ADC,7,5,0.7142857142857143
Aiming,Ziggs,ADC,6,4,0.6666666666666666
Aki,Maokai,UNKNOWN,5,1,0.2
Aki,Naafiri,UNKNOWN,5,1,0.2
Aki,Nocturne,UNKNOWN,7,2,0.2857142857142857
Aki,Pantheon,UNKNOWN,9,1,0.1111111111111111
Aki,Sejuani,UNKNOWN,5,0,0.0
Aki,Vi,JUNGLE,13,4,0.3076923076923077
Aki,Viego,UNKNOWN,7,3,0.4285714285714285
Aki,Wukong,UNKNOWN,9,3,0.3333333333333333
Aki,Xin Zhao,UNKNOWN,12,4,0.3333333333333333
Ale,Gwen,UNKNOWN,6,2,0.3333333333333333
Ale,Jax,UNKNOWN,7,2,0.2857142857142857
Ale,Jayce,UNKNOWN,7,4,0.5714285714285714
Ale,K'Sante,UNKNOWN,6,2,0.3333333333333333
Ale,Kennen,UNKNOWN,5,4,0.8
Ale,Ornn,UNKNOWN,8,4,0.5
Ale,Renekton,UNKNOWN,9,5,0.5555555555555556
Ale,Rumble,UNKNOWN,6,5,0.8333333333333334
Ale,Sion,UNKNOWN,9,5,0.5555555555555556
Ale,Yorick,UNKNOWN,5,4,0.8
Alvaro,Alistar,SUPPORT,12,8,0.6666666666666666
Alvaro,Bard,SUPPORT,1,1,1.0
Alvaro,Braum,SUPPORT,11,6,0.5454545454545454
Alvaro,Leona,SUPPORT,5,3,0.6
Alvaro,Lulu,SUPPORT,2,1,0.5
Alvaro,Nautilus,SUPPORT,9,5,0.5555555555555556
Alvaro,Neeko,SUPPORT,7,5,0.7142857142857143
Alvaro,Pantheon,SUPPORT,1,1,1.0
Alvaro,Rakan,SUPPORT,16,10,0.625
Alvaro,Rell,SUPPORT,18,13,0.7222222222222222
Andil,Alistar,SUPPORT,13,4,0.3076923076923077
Andil,Bard,SUPPORT,4,2,0.5
Andil,Braum,SUPPORT,13,6,0.46153846153846156
Andil,Leona,SUPPORT,12,3,0.25
Andil,Nami,SUPPORT,1,0,0.0
Andil,Nautilus,SUPPORT,11,5,0.45454545454545453
Andil,Neeko,SUPPORT,10,4,0.4
Andil,Pantheon,SUPPORT,2,0,0.0
Andil,Poppy,SUPPORT,6,2,0.3333333333333333
Andil,Rakan,SUPPORT,7,4,0.5714285714285714
Andil,Rell,SUPPORT,10,4,0.4
Angel,Ahri,MID,6,3,0.5
Angel,Akali,MID,1,1,1.0
Angel,Aurora,MID,5,2,0.4
Angel,Azir,MID,4,2,0.5
Angel,Malzahar,MID,2,2,1.0
Angel,Neeko,MID,3,3,1.0
Angel,Orianna,MID,9,5,0.5555555555555556
Angel,Ryze,MID,7,2,0.2857142857142857
Angel,Syndra,MID,1,1,1.0
Angel,Taliyah,MID,14,5,0.35714285714285715
Angel,Viktor,MID,9,6,0.6666666666666666
Assum,Aphelios,ADC,2,1,0.5
Assum,Cassiopeia,ADC,2,1,0.5
Assum,Corki,ADC,6,1,0.16666666666666666
Assum,Jhin,ADC,8,2,0.25
Assum,Jinx,ADC,1,1,1.0
Assum,Kai'Sa,ADC,8,4,0.5
Assum,Kalista,ADC,9,4,0.4444444444444444
Assum,Miss Fortune,ADC,20,9,0.45
Assum,Sivir,ADC,1,1,1.0
Assum,Tristana,ADC,1,0,0.0
Assum,Varus,ADC,2,2,1.0
Assum,Xayah,ADC,5,1,0.2
Assum,Yunara,ADC,2,1,0.5
Ayu,Ashe,UNKNOWN,5,3,0.6
Ayu,Jhin,UNKNOWN,9,4,0.4444444444444444
Ayu,Miss Fortune,UNKNOWN,8,7,0.875
Ayu,Senna,UNKNOWN,5,2,0.4
Ayu,Varus,UNKNOWN,5,2,0.4
Baiye,Lucian,UNKNOWN,6,2,0.3333333333333333
Baus,Gragas,TOP,1,1,1.0
Baus,Kled,TOP,2,1,0.5
Baus,Volibear,TOP,2,0,0.0
Bdd,Ahri,MID,14,7,0.5
Bdd,Akali,MID,1,0,0.0
Bdd,Annie,MID,10,6,0.6
Bdd,Azir,MID,10,5,0.5
Bdd,Neeko,MID,2,1,0.5
Bdd,Ryze,MID,20,12,0.6
Bdd,Taliyah,MID,19,9,0.47368421052631576
Bdd,Viktor,MID,5,3,0.6
Bdd,Yone,MID,9,5,0.5555555555555556
Bdd,Ziggs,MID,1,0,0.0
Bdd,Zoe,MID,1,1,1.0
Beichuan,Lillia,UNKNOWN,8,5,0.625
Beichuan,Pantheon,UNKNOWN,7,5,0.7142857142857143
Beichuan,Poppy,UNKNOWN,8,6,0.75
Beichuan,Sejuani,JUNGLE,18,10,0.5555555555555556
Beichuan,Skarner,UNKNOWN,9,4,0.4444444444444444
Beichuan,Vi,UNKNOWN,7,5,0.7142857142857143
Beichuan,Xin Zhao,JUNGLE,19,11,0.5789473684210527
Berserker,Aphelios,ADC,1,1,1.0
Berserker,Ashe,ADC,5,1,0.2
Berserker,Corki,ADC,8,1,0.125
Berserker,Ezreal,ADC,6,0,0.0
Berserker,Kai'Sa,ADC,10,3,0.3
Berserker,Lucian,ADC,8,2,0.25
Berserker,Miss Fortune,ADC,7,1,0.1428571428571428
Berserker,Varus,ADC,5,0,0.0
Berserker,Xayah,ADC,5,1,0.2
Berserker,Yunara,ADC,1,1,1.0
Berserker,Zeri,ADC,5,0,0.0
BeryL,Alistar,UNKNOWN,12,7,0.5833333333333334
BeryL,Bard,UNKNOWN,8,4,0.5
BeryL,Braum,SUPPORT,14,9,0.6428571428571429
BeryL,Karma,UNKNOWN,6,4,0.6666666666666666
BeryL,Leona,SUPPORT,13,10,0.7692307692307693
BeryL,Nautilus,UNKNOWN,11,3,0.2727272727272727
BeryL,Neeko,UNKNOWN,10,5,0.5
BeryL,Poppy,UNKNOWN,9,5,0.5555555555555556
BeryL,Rakan,UNKNOWN,10,5,0.5
BeryL,Rell,UNKNOWN,11,5,0.4545454545454545
BeryL,Renata Glasc,UNKNOWN,6,3,0.5
Bin,Ambessa,TOP,17,10,0.5882352941176471
Bin,Aurora,TOP,1,1,1.0
Bin,Gnar,TOP,7,4,0.5714285714285714
Bin,Gwen,TOP,9,8,0.8888888888888888
Bin,Jax,TOP,7,4,0.5714285714285714
Bin,Jayce,TOP,9,7,0.7777777777777778
Bin,K'Sante,TOP,6,4,0.6666666666666666
Bin,Malphite,TOP,3,2,0.6666666666666666
Bin,Ornn,TOP,9,8,0.8888888888888888
Bin,Renekton,TOP,21,12,0.5714285714285714
Bin,Rumble,TOP,22,13,0.5909090909090909
Bin,Shen,TOP,1,1,1.0
Bin,Sion,TOP,14,9,0.6428571428571429
Bin,Yorick,TOP,16,14,0.875
Bin,Zaahen,TOP,1,0,0.0
Blaber,Jarvan IV,JUNGLE,1,1,1.0
Blaber,Nidalee,JUNGLE,2,2,1.0
Blaber,Sejuani,JUNGLE,8,5,0.625
Blaber,Skarner,JUNGLE,8,5,0.625
Blaber,Vi,JUNGLE,9,8,0.8888888888888888
Blaber,Wukong,JUNGLE,7,5,0.7142857142857143
Boal,Aatrox,UNKNOWN,5,4,0.8
Boal,Ambessa,UNKNOWN,8,3,0.375
Boal,Gwen,UNKNOWN,9,6,0.6666666666666666
Boal,Jax,UNKNOWN,6,3,0.5
Boal,K'Sante,UNKNOWN,6,4,0.6666666666666666
Boal,Rumble,UNKNOWN,6,4,0.6666666666666666
Boal,Sion,UNKNOWN,9,5,0.5555555555555556
Boukada,Nidalee,JUNGLE,1,0,0.0
Boukada,Sejuani,JUNGLE,7,3,0.4285714285714285
Boukada,Vi,JUNGLE,8,2,0.25
Boukada,Wukong,JUNGLE,2,1,0.5
Brance,Ezreal,UNKNOWN,5,1,0.2
Breathe,Ambessa,TOP,27,14,0.5185185185185185
Breathe,Gnar,UNKNOWN,6,3,0.5
Breathe,Gwen,TOP,13,6,0.4615384615384615
Breathe,Jax,UNKNOWN,8,2,0.25
Breathe,Jayce,UNKNOWN,8,6,0.75
Breathe,K'Sante,TOP,18,11,0.6111111111111112
Breathe,Renekton,UNKNOWN,6,2,0.3333333333333333
Breathe,Rumble,UNKNOWN,12,6,0.5
Breathe,Sion,TOP,16,4,0.25
Breathe,Yorick,UNKNOWN,12,6,0.5
BrokenBlade,Aatrox,TOP,1,1,1.0
BrokenBlade,Anivia,TOP,1,0,0.0
BrokenBlade,Gnar,TOP,1,0,0.0
BrokenBlade,Jax,TOP,9,7,0.7777777777777778
BrokenBlade,Jayce,TOP,1,1,1.0
BrokenBlade,K'Sante,TOP,7,6,0.8571428571428571
BrokenBlade,Renekton,TOP,5,3,0.6
BrokenBlade,Rumble,TOP,1,1,1.0
BrokenBlade,Sion,TOP,6,5,0.8333333333333334
BuLLDoG,Ahri,MID,6,0,0.0
BuLLDoG,Akali,MID,2,2,1.0
BuLLDoG,Aurora,MID,1,0,0.0
BuLLDoG,Azir,MID,12,4,0.3333333333333333
BuLLDoG,Corki,MID,3,3,1.0
BuLLDoG,Galio,MID,6,1,0.1666666666666666
BuLLDoG,Orianna,MID,9,3,0.3333333333333333
BuLLDoG,Ryze,MID,2,2,1.0
BuLLDoG,Taliyah,MID,14,1,0.0714285714285714
BuLLDoG,Viktor,MID,5,0,0.0
BuLLDoG,Ziggs,MID,1,0,0.0
Busio,Alistar,SUPPORT,10,10,1.0
Busio,Bard,SUPPORT,6,5,0.8333333333333334
Busio,Karma,SUPPORT,1,0,0.0
Busio,Leona,SUPPORT,2,2,1.0
Busio,Lulu,SUPPORT,1,1,1.0
Busio,Neeko,SUPPORT,9,9,1.0
Busio,Pantheon,SUPPORT,1,1,1.0
Busio,Rakan,SUPPORT,6,5,0.8333333333333334
Busio,Rell,SUPPORT,6,5,0.8333333333333334
Bvoy,Corki,ADC,7,4,0.5714285714285714
Bvoy,Ezreal,ADC,13,6,0.4615384615384615
Bvoy,Kai'Sa,ADC,6,1,0.1666666666666666
Bvoy,Lucian,ADC,6,6,1.0
Bvoy,Varus,ADC,6,2,0.3333333333333333
Bwipo,K'Sante,UNKNOWN,6,4,0.6666666666666666
Bwipo,Renekton,UNKNOWN,6,6,1.0
Bwipo,Sion,UNKNOWN,6,5,0.8333333333333334
Caliste,Aphelios,ADC,1,1,1.0
Caliste,Ashe,ADC,5,4,0.8
Caliste,Caitlyn,ADC,1,0,0.0
Caliste,Ezreal,ADC,14,10,0.7142857142857143
Caliste,Jhin,ADC,5,2,0.4
Caliste,Kai'Sa,ADC,5,4,0.8
Caliste,Kalista,ADC,7,5,0.7142857142857143
Caliste,Miss Fortune,ADC,9,7,0.7777777777777778
Caliste,Varus,ADC,11,7,0.6363636363636364
Caliste,Xayah,ADC,5,3,0.6
Caliste,Yunara,ADC,3,3,1.0
Calix,Ahri,UNKNOWN,7,2,0.2857142857142857
Calix,Azir,UNKNOWN,10,2,0.2
Calix,Galio,UNKNOWN,7,1,0.1428571428571428
Calix,Orianna,UNKNOWN,8,1,0.125
Calix,Ryze,UNKNOWN,11,5,0.4545454545454545
Calix,Sylas,UNKNOWN,5,2,0.4
Calix,Taliyah,UNKNOWN,6,2,0.3333333333333333
Calix,Yone,UNKNOWN,9,5,0.5555555555555556
Callme,Akali,MID,1,1,1.0
Callme,Aurora,MID,1,1,1.0
Callme,Neeko,MID,1,0,0.0
Callme,Taliyah,MID,1,0,0.0
Canna,Aatrox,TOP,1,1,1.0
Canna,Ambessa,TOP,14,12,0.8571428571428571
Canna,Gnar,TOP,13,10,0.7692307692307693
Canna,Jayce,TOP,11,7,0.6363636363636364
Canna,K'Sante,TOP,8,5,0.625
Canna,Renekton,TOP,5,4,0.8
Canna,Rumble,TOP,15,8,0.5333333333333333
Canna,Sion,TOP,8,6,0.75
Canyon,Lee Sin,JUNGLE,6,3,0.5
Canyon,Naafiri,JUNGLE,6,6,1.0
Canyon,Nidalee,JUNGLE,7,6,0.8571428571428571
Canyon,Pantheon,JUNGLE,14,13,0.9285714285714286
Canyon,Skarner,JUNGLE,13,12,0.9230769230769232
Canyon,Vi,JUNGLE,15,12,0.8
Canyon,Wukong,JUNGLE,15,13,0.8666666666666667
Canyon,Xin Zhao,JUNGLE,22,20,0.9090909090909092
Caps,Anivia,MID,1,0,0.0
Caps,Annie,MID,6,5,0.8333333333333334
Caps,Aurora,MID,5,4,0.8
Caps,Azir,MID,1,0,0.0
Caps,Corki,MID,2,0,0.0
Caps,Galio,MID,1,0,0.0
Caps,Jayce,MID,1,1,1.0
Caps,Neeko,MID,1,1,1.0
Caps,Orianna,MID,11,8,0.7272727272727273
Caps,Taliyah,MID,11,9,0.8181818181818182
Care,Ahri,MID,17,6,0.35294117647058826
Care,Akali,MID,1,0,0.0
Care,Aurora,MID,11,4,0.36363636363636365
Care,Azir,MID,1,1,1.0
Care,Cassiopeia,MID,2,1,0.5
Care,Corki,MID,7,2,0.2857142857142857
Care,Galio,MID,8,2,0.25
Care,Orianna,MID,1,0,0.0
Care,Qiyana,MID,3,2,0.6666666666666666
Care,Ryze,MID,6,1,0.16666666666666666
Care,Sylas,MID,10,3,0.3
Care,Taliyah,MID,22,7,0.3181818181818182
Care,Tristana,MID,6,0,0.0
Care,Yone,MID,13,4,0.3076923076923077
Career,Bard,SUPPORT,2,2,1.0
Career,Karma,SUPPORT,1,1,1.0
Career,Lulu,SUPPORT,2,1,0.5
Career,Nami,SUPPORT,2,1,0.5
Career,Nautilus,SUPPORT,1,0,0.0
Career,Pantheon,SUPPORT,1,1,1.0
Career,Rakan,SUPPORT,1,1,1.0
CarioK,Maokai,UNKNOWN,8,6,0.75
CarioK,Skarner,UNKNOWN,7,4,0.5714285714285714
CarioK,Trundle,UNKNOWN,6,2,0.3333333333333333
CarioK,Vi,UNKNOWN,7,6,0.8571428571428571
CarioK,Xin Zhao,UNKNOWN,6,4,0.6666666666666666
Carlsen,Ambessa,UNKNOWN,8,3,0.375
Carlsen,Jax,UNKNOWN,6,2,0.3333333333333333
Carlsen,K'Sante,UNKNOWN,10,3,0.3
Carlsen,Rumble,UNKNOWN,5,3,0.6
Carzzy,Corki,ADC,10,4,0.4
Carzzy,Ezreal,ADC,5,1,0.2
Carzzy,Jhin,ADC,8,2,0.25
Carzzy,Kai'Sa,ADC,8,5,0.625
Carzzy,Kalista,ADC,1,0,0.0
Carzzy,Varus,ADC,6,3,0.5
Carzzy,Xayah,ADC,6,4,0.6666666666666666
Carzzy,Yunara,ADC,1,0,0.0
Casting,Ambessa,TOP,3,2,0.6666666666666666
Casting,Aurora,TOP,1,1,1.0
Casting,Gnar,TOP,1,0,0.0
Casting,Gwen,TOP,2,2,1.0
Casting,Poppy,TOP,1,0,0.0
Casting,Renekton,TOP,3,0,0.0
Casting,Rumble,TOP,5,1,0.2
Casting,Sion,TOP,2,0,0.0
Casting,Yorick,TOP,1,0,0.0
Casting,Zaahen,TOP,1,0,0.0
Castle,Ambessa,TOP,1,1,1.0
Castle,Aurora,TOP,1,1,1.0
Castle,Renekton,TOP,1,0,0.0
Castle,Rumble,TOP,6,2,0.3333333333333333
Castle,Sion,TOP,1,1,1.0
Ceos,Alistar,SUPPORT,6,3,0.5
Ceos,Bard,SUPPORT,1,0,0.0
Ceos,Leona,SUPPORT,7,2,0.2857142857142857
Ceos,Nautilus,SUPPORT,7,3,0.4285714285714285
Ceos,Neeko,SUPPORT,1,0,0.0
Ceos,Rakan,SUPPORT,7,2,0.2857142857142857
Ceos,Rell,SUPPORT,7,5,0.7142857142857143
Chovy,Ahri,MID,12,12,1.0
Chovy,Anivia,MID,2,2,1.0
Chovy,Annie,MID,6,6,1.0
Chovy,Aurora,MID,7,6,0.8571428571428571
Chovy,Azir,MID,13,13,1.0
Chovy,Corki,MID,7,7,1.0
Chovy,Galio,MID,19,16,0.8421052631578947
Chovy,Orianna,MID,5,3,0.6
Chovy,Ryze,MID,9,8,0.8888888888888888
Chovy,Sylas,MID,7,5,0.7142857142857143
Chovy,Taliyah,MID,9,8,0.8888888888888888
Chovy,Viktor,MID,9,7,0.7777777777777778
Chovy,Yone,MID,1,1,1.0
Clear,Aatrox,TOP,2,0,0.0
Clear,Ambessa,TOP,9,5,0.5555555555555556
Clear,Aurora,TOP,1,0,0.0
Clear,Gnar,TOP,2,0,0.0
Clear,Gwen,TOP,9,2,0.2222222222222222
Clear,Jax,TOP,9,3,0.3333333333333333
Clear,Jayce,TOP,9,5,0.5555555555555556
Clear,K'Sante,TOP,10,1,0.1
Clear,Kennen,TOP,2,2,1.0
Clear,Renekton,TOP,11,7,0.6363636363636364
Clear,Rumble,TOP,20,9,0.45
Clear,Sion,TOP,9,4,0.4444444444444444
Closer,Vi,UNKNOWN,5,3,0.6
Clozer,Ahri,MID,17,7,0.4117647058823529
Clozer,Annie,MID,6,4,0.6666666666666666
Clozer,Aurora,MID,8,3,0.375
Clozer,Azir,MID,11,2,0.18181818181818182
Clozer,Cassiopeia,MID,6,4,0.6666666666666666
Clozer,Corki,MID,1,0,0.0
Clozer,Jayce,MID,1,1,1.0
Clozer,Neeko,MID,3,3,1.0
Clozer,Orianna,MID,8,1,0.125
Clozer,Ryze,MID,1,1,1.0
Clozer,Syndra,MID,2,1,0.5
Clozer,Taliyah,MID,14,3,0.21428571428571427
Clozer,Viktor,MID,6,2,0.3333333333333333
Clozer,Yone,MID,12,4,0.3333333333333333
Clozer,Ziggs,MID,1,0,0.0
Clozer,Zoe,MID,1,1,1.0
Contractz,Jarvan IV,JUNGLE,5,3,0.6
Contractz,Malphite,JUNGLE,1,0,0.0
Contractz,Maokai,JUNGLE,6,3,0.5
Contractz,Naafiri,JUNGLE,5,2,0.4
Contractz,Sejuani,JUNGLE,6,4,0.6666666666666666
Contractz,Xin Zhao,JUNGLE,10,6,0.6
CoreJJ,Alistar,SUPPORT,7,4,0.5714285714285714
CoreJJ,Nami,SUPPORT,1,0,0.0
CoreJJ,Nautilus,SUPPORT,8,5,0.625
CoreJJ,Poppy,SUPPORT,5,4,0.8
CoreJJ,Rakan,SUPPORT,5,3,0.6
CoreJJ,Rell,SUPPORT,7,5,0.7142857142857143
CoreJJ,Renata Glasc,SUPPORT,7,2,0.2857142857142857
Creme,Ahri,MID,15,15,1.0
Creme,Akali,MID,12,11,0.9166666666666666
Creme,Annie,MID,9,8,0.8888888888888888
Creme,Aurora,MID,13,10,0.7692307692307693
Creme,Azir,MID,27,18,0.6666666666666666
Creme,Corki,MID,3,0,0.0
Creme,Hwei,MID,5,4,0.8
Creme,Neeko,MID,1,0,0.0
Creme,Orianna,MID,13,11,0.8461538461538461
Creme,Ryze,MID,16,13,0.8125
Creme,Sylas,MID,7,5,0.7142857142857143
Creme,Syndra,MID,2,1,0.5
Creme,Taliyah,MID,10,6,0.6
Creme,Tristana,MID,5,5,1.0
Creme,Viktor,MID,14,9,0.6428571428571429
Creme,Yone,MID,11,8,0.7272727272727273
Crisp,Alistar,SUPPORT,23,17,0.7391304347826086
Crisp,Bard,UNKNOWN,5,1,0.2
Crisp,Braum,SUPPORT,15,11,0.7333333333333333
Crisp,Karma,UNKNOWN,10,9,0.9
Crisp,Leona,UNKNOWN,11,6,0.5454545454545454
Crisp,Lulu,UNKNOWN,5,3,0.6
Crisp,Nautilus,UNKNOWN,8,5,0.625
Crisp,Neeko,UNKNOWN,8,4,0.5
Crisp,Poppy,UNKNOWN,7,4,0.5714285714285714
Crisp,Rakan,SUPPORT,18,12,0.6666666666666666
Crisp,Rell,SUPPORT,20,14,0.7
Crisp,Renata Glasc,UNKNOWN,11,8,0.7272727272727273
Croco,Maokai,JUNGLE,5,2,0.4
Croco,Pantheon,JUNGLE,1,0,0.0
Croco,Trundle,JUNGLE,9,3,0.3333333333333333
Croco,Vi,JUNGLE,5,3,0.6
Croco,Wukong,JUNGLE,10,6,0.6
Croco,Xin Zhao,JUNGLE,7,3,0.4285714285714285
Crownie,Caitlyn,ADC,2,2,1.0
Crownie,Corki,ADC,3,0,0.0
Crownie,Yunara,ADC,1,0,0.0
Cryogen,Karma,SUPPORT,1,1,1.0
Cryogen,Thresh,SUPPORT,1,1,1.0
Cube,Aatrox,TOP,10,4,0.4
Cube,Ambessa,TOP,11,6,0.5454545454545454
Cube,Aurora,TOP,1,0,0.0
Cube,Galio,TOP,6,1,0.1666666666666666
Cube,Jayce,TOP,5,2,0.4
Cube,K'Sante,TOP,11,4,0.3636363636363636
Cube,Ornn,TOP,11,5,0.4545454545454545
Cube,Renekton,TOP,10,3,0.3
Cube,Rumble,TOP,23,10,0.43478260869565216
Cube,Sion,TOP,17,5,0.29411764705882354
Cube,Yorick,TOP,16,8,0.5
Cuzz,Jarvan IV,JUNGLE,9,6,0.6666666666666666
Cuzz,Nidalee,JUNGLE,9,6,0.6666666666666666
Cuzz,Pantheon,JUNGLE,7,4,0.5714285714285714
Cuzz,Sejuani,JUNGLE,1,0,0.0
Cuzz,Trundle,JUNGLE,17,7,0.4117647058823529
Cuzz,Vi,JUNGLE,6,1,0.16666666666666666
Cuzz,Viego,JUNGLE,6,3,0.5
Cuzz,Wukong,JUNGLE,19,13,0.6842105263157895
Cuzz,Xin Zhao,JUNGLE,19,10,0.5263157894736842
Czajek,Ahri,UNKNOWN,7,1,0.1428571428571428
Czajek,Azir,UNKNOWN,6,3,0.5
Czajek,Ryze,UNKNOWN,7,5,0.7142857142857143
Czajek,Taliyah,UNKNOWN,5,4,0.8
Czajek,Viktor,UNKNOWN,7,3,0.4285714285714285
DARKWINGS,Azir,MID,1,1,1.0
DARKWINGS,Cassiopeia,MID,1,0,0.0
DARKWINGS,Corki,MID,1,1,1.0
DARKWINGS,Qiyana,MID,1,1,1.0
DARKWINGS,Viktor,MID,1,0,0.0
DOOM,Sejuani,UNKNOWN,6,3,0.5
DOOM,Skarner,UNKNOWN,5,3,0.6
DOOM,Xin Zhao,UNKNOWN,7,5,0.7142857142857143
Delight,Alistar,SUPPORT,17,11,0.6470588235294118
Delight,Bard,SUPPORT,1,0,0.0
Delight,Braum,SUPPORT,11,4,0.36363636363636365
Delight,Leona,SUPPORT,9,5,0.5555555555555556
Delight,Lulu,SUPPORT,1,0,0.0
Delight,Nautilus,SUPPORT,7,4,0.5714285714285714
Delight,Neeko,SUPPORT,6,4,0.6666666666666666
Delight,Pantheon,SUPPORT,5,5,1.0
Delight,Poppy,SUPPORT,9,7,0.7777777777777778
Delight,Rakan,SUPPORT,18,12,0.6666666666666666
Delight,Rell,SUPPORT,17,8,0.4705882352941176
Delight,Renata Glasc,SUPPORT,7,6,0.8571428571428571
Dhokla,K'Sante,TOP,5,3,0.6
Dhokla,Renekton,TOP,1,1,1.0
Dhokla,Rumble,TOP,7,6,0.8571428571428571
Diable,Corki,ADC,1,1,1.0
Diable,Ezreal,ADC,18,7,0.3888888888888889
Diable,Jhin,ADC,1,1,1.0
Diable,Kai'Sa,ADC,15,7,0.4666666666666667
Diable,Kalista,ADC,6,3,0.5
Diable,Lucian,ADC,15,6,0.4
Diable,Sivir,ADC,6,4,0.6666666666666666
Diable,Varus,ADC,12,1,0.08333333333333333
Diable,Xayah,ADC,10,5,0.5
Diable,Yunara,ADC,3,1,0.3333333333333333
Diable,Zeri,ADC,6,1,0.1666666666666666
Disamis,Jarvan IV,UNKNOWN,6,3,0.5
Disamis,Pantheon,UNKNOWN,8,5,0.625
Disamis,Sejuani,UNKNOWN,7,5,0.7142857142857143
Disamis,Vi,UNKNOWN,5,3,0.6
Disamis,Xin Zhao,UNKNOWN,11,6,0.5454545454545454
Doinb,Akali,UNKNOWN,10,5,0.5
Doinb,Annie,UNKNOWN,6,3,0.5
Doinb,Aurora,UNKNOWN,10,5,0.5
Doinb,Galio,UNKNOWN,12,6,0.5
Doinb,Orianna,UNKNOWN,5,2,0.4
Doinb,Ryze,UNKNOWN,10,7,0.7
Doinb,Sylas,UNKNOWN,11,5,0.4545454545454545
Doinb,Taliyah,UNKNOWN,9,6,0.6666666666666666
Doinb,Viktor,MID,13,7,0.5384615384615384
Doran,Ambessa,TOP,12,8,0.6666666666666666
Doran,Aurora,TOP,7,3,0.42857142857142855
Doran,Gnar,TOP,2,1,0.5
Doran,Gwen,TOP,16,11,0.6875
Doran,Jax,TOP,10,5,0.5
Doran,Jayce,TOP,10,9,0.9
Doran,Renekton,TOP,6,5,0.8333333333333334
Doran,Rumble,TOP,17,12,0.7058823529411765
Doran,Sion,TOP,8,5,0.625
Doran,Yone,TOP,1,0,0.0
Doran,Zaahen,TOP,2,2,1.0
DuDu,Aatrox,TOP,8,0,0.0
DuDu,Ambessa,TOP,18,3,0.16666666666666666
DuDu,Gwen,TOP,5,0,0.0
DuDu,Jayce,TOP,6,1,0.16666666666666666
DuDu,K'Sante,TOP,6,1,0.1666666666666666
DuDu,Kennen,TOP,1,1,1.0
DuDu,Rumble,TOP,19,3,0.15789473684210525
DuDu,Sion,TOP,11,2,0.18181818181818182
DuDu,Yone,TOP,1,0,0.0
Duro,Alistar,SUPPORT,15,13,0.8666666666666667
Duro,Bard,SUPPORT,6,3,0.5
Duro,Blitzcrank,SUPPORT,6,5,0.8333333333333334
Duro,Braum,SUPPORT,11,9,0.8181818181818182
Duro,Leona,SUPPORT,10,7,0.7
Duro,Nami,SUPPORT,2,2,1.0
Duro,Nautilus,SUPPORT,10,9,0.9
Duro,Neeko,SUPPORT,10,10,1.0
Duro,Pantheon,SUPPORT,1,1,1.0
Duro,Rakan,SUPPORT,21,19,0.9047619047619048
Duro,Rell,SUPPORT,17,15,0.8823529411764706
Duro,Renata Glasc,SUPPORT,5,4,0.8
Duro,Seraphine,SUPPORT,1,1,1.0
Elk,Aphelios,ADC,1,0,0.0
Elk,Ashe,ADC,1,1,1.0
Elk,Caitlyn,ADC,1,1,1.0
Elk,Cassiopeia,ADC,3,2,0.6666666666666666
Elk,Corki,ADC,1,0,0.0
Elk,Ezreal,ADC,20,11,0.55
Elk,Jhin,ADC,14,9,0.6428571428571429
Elk,Kai'Sa,ADC,11,8,0.7272727272727273
Elk,Kalista,ADC,8,6,0.75
Elk,Lucian,ADC,8,5,0.625
Elk,Miss Fortune,ADC,10,7,0.7
Elk,Sivir,ADC,10,8,0.8
Elk,Varus,ADC,15,9,0.6
Elk,Xayah,ADC,19,15,0.7894736842105263
Elk,Yunara,ADC,9,5,0.5555555555555556
Elk,Zeri,ADC,1,1,1.0
Elyoya,Jayce,JUNGLE,1,1,1.0
Elyoya,Naafiri,JUNGLE,6,6,1.0
Elyoya,Pantheon,JUNGLE,11,7,0.6363636363636364
Elyoya,Poppy,JUNGLE,6,5,0.8333333333333334
Elyoya,Sejuani,JUNGLE,8,5,0.625
Elyoya,Skarner,JUNGLE,6,2,0.3333333333333333
Elyoya,Trundle,JUNGLE,1,0,0.0
Elyoya,Vi,JUNGLE,11,8,0.7272727272727273
Elyoya,Wukong,JUNGLE,5,4,0.8
Elyoya,Xin Zhao,JUNGLE,10,6,0.6
Empyros,Ambessa,TOP,1,1,1.0
Empyros,Renekton,TOP,1,0,0.0
Empyros,Rumble,TOP,2,2,1.0
Erha,Alistar,SUPPORT,10,5,0.5
Erha,Bard,SUPPORT,1,0,0.0
Erha,Blitzcrank,SUPPORT,1,0,0.0
Erha,Braum,SUPPORT,2,0,0.0
Erha,Elise,SUPPORT,1,1,1.0
Erha,Leona,SUPPORT,2,1,0.5
Erha,Lulu,SUPPORT,1,0,0.0
Erha,Nautilus,SUPPORT,2,2,1.0
Erha,Neeko,SUPPORT,2,2,1.0
Erha,Pantheon,SUPPORT,2,0,0.0
Erha,Poppy,SUPPORT,2,2,1.0
Erha,Rakan,SUPPORT,8,4,0.5
Erha,Rell,SUPPORT,8,4,0.5
Erha,Renata Glasc,SUPPORT,6,3,0.5
Erha,Thresh,SUPPORT,1,0,0.0
Eyla,Alistar,UNKNOWN,9,4,0.4444444444444444
Eyla,Bard,UNKNOWN,6,2,0.3333333333333333
Eyla,Braum,UNKNOWN,5,4,0.8
Eyla,Leona,UNKNOWN,5,1,0.2
Eyla,Nautilus,UNKNOWN,6,3,0.5
Eyla,Neeko,UNKNOWN,5,4,0.8
Eyla,Rakan,UNKNOWN,12,7,0.5833333333333334
Eyla,Rell,UNKNOWN,6,5,0.8333333333333334
Eyla,Renata Glasc,UNKNOWN,5,3,0.6
FBI,Corki,ADC,7,5,0.7142857142857143
FBI,Ezreal,ADC,5,4,0.8
FBI,Jhin,ADC,9,3,0.3333333333333333
FBI,Jinx,ADC,1,0,0.0
FBI,Kai'Sa,ADC,6,4,0.6666666666666666
FBI,Miss Fortune,ADC,7,4,0.5714285714285714
FBI,Smolder,ADC,5,1,0.2
FBI,Varus,ADC,6,6,1.0
Faker,Ahri,MID,8,5,0.625
Faker,Akali,MID,1,1,1.0
Faker,Annie,MID,6,5,0.8333333333333334
Faker,Aurora,MID,2,1,0.5
Faker,Azir,MID,12,11,0.9166666666666666
Faker,Corki,MID,1,1,1.0
Faker,Galio,MID,14,10,0.7142857142857143
Faker,Jayce,MID,1,1,1.0
Faker,Lissandra,MID,1,1,1.0
Faker,Neeko,MID,1,0,0.0
Faker,Orianna,MID,13,8,0.6153846153846154
Faker,Ryze,MID,17,11,0.6470588235294118
Faker,Sylas,MID,7,4,0.5714285714285714
Faker,Taliyah,MID,8,6,0.75
Faker,Viktor,MID,18,12,0.6666666666666666
Faker,Yone,MID,1,0,0.0
Feather,Alistar,SUPPORT,19,7,0.3684210526315789
Feather,Braum,SUPPORT,10,3,0.3
Feather,Karma,SUPPORT,5,2,0.4
Feather,Leona,SUPPORT,9,4,0.4444444444444444
Feather,Lulu,SUPPORT,6,3,0.5
Feather,Nami,SUPPORT,6,1,0.16666666666666666
Feather,Nautilus,SUPPORT,19,5,0.2631578947368421
Feather,Neeko,SUPPORT,5,1,0.2
Feather,Rakan,SUPPORT,10,2,0.2
Feather,Rell,SUPPORT,7,0,0.0
Feather,Seraphine,SUPPORT,1,0,0.0
Fisher,Aurora,UNKNOWN,5,3,0.6
Fisher,Corki,UNKNOWN,6,2,0.3333333333333333
Fisher,Yone,UNKNOWN,8,4,0.5
Flandre,Ambessa,TOP,8,7,0.875
Flandre,Aurora,TOP,11,7,0.6363636363636364
Flandre,Gnar,TOP,5,4,0.8
Flandre,Gwen,TOP,10,7,0.7
Flandre,Jayce,TOP,11,8,0.7272727272727273
Flandre,K'Sante,TOP,5,4,0.8
Flandre,Ornn,TOP,9,7,0.7777777777777778
Flandre,Poppy,TOP,1,1,1.0
Flandre,Renekton,TOP,7,6,0.8571428571428571
Flandre,Rumble,TOP,17,11,0.6470588235294118
Flandre,Sion,TOP,28,19,0.6785714285714286
Flandre,Yorick,TOP,10,8,0.8
Flandre,Zaahen,TOP,1,1,1.0
Fleshy,Alistar,SUPPORT,1,0,0.0
Fleshy,Nautilus,SUPPORT,1,0,0.0
Fleshy,Neeko,SUPPORT,1,1,1.0
Fleshy,Pantheon,SUPPORT,1,1,1.0
Fleshy,Rakan,SUPPORT,2,2,1.0
Fudge,Ambessa,TOP,8,4,0.5
Fudge,Gnar,TOP,1,0,0.0
Fudge,Jayce,TOP,5,2,0.4
Fudge,Malphite,TOP,1,0,0.0
Fudge,Renekton,TOP,1,0,0.0
Fudge,Rumble,TOP,7,3,0.4285714285714285
Fudge,Sion,TOP,6,2,0.3333333333333333
Fuuu,Ahri,UNKNOWN,5,0,0.0
Fuuu,Azir,UNKNOWN,5,0,0.0
GALA,Aphelios,ADC,2,2,1.0
GALA,Corki,ADC,11,5,0.45454545454545453
GALA,Ezreal,ADC,16,8,0.5
GALA,Jhin,ADC,14,6,0.42857142857142855
GALA,Kai'Sa,ADC,16,13,0.8125
GALA,Kalista,ADC,7,6,0.8571428571428571
GALA,Lucian,ADC,9,6,0.6666666666666666
GALA,Miss Fortune,ADC,12,5,0.4166666666666667
GALA,Sivir,ADC,10,7,0.7
GALA,Varus,ADC,19,14,0.7368421052631579
GALA,Xayah,ADC,12,7,0.5833333333333334
GALA,Yunara,ADC,9,7,0.7777777777777778
GALA,Ziggs,ADC,2,1,0.5
GIDEON,Elise,JUNGLE,2,1,0.5
GIDEON,Nocturne,JUNGLE,3,0,0.0
GIDEON,Pantheon,JUNGLE,3,1,0.3333333333333333
GIDEON,Sejuani,JUNGLE,1,0,0.0
GIDEON,Sylas,JUNGLE,1,1,1.0
GIDEON,Trundle,JUNGLE,2,2,1.0
GIDEON,Vi,JUNGLE,2,0,0.0
GIDEON,Wukong,JUNGLE,1,0,0.0
Gakgos,Sion,TOP,1,1,1.0
Gakgos,Volibear,TOP,1,1,1.0
Grevthar,Viktor,UNKNOWN,5,2,0.4
Grizzly,Ekko,JUNGLE,1,0,0.0
Grizzly,Malphite,JUNGLE,1,0,0.0
Grizzly,Nocturne,JUNGLE,1,1,1.0
Grizzly,Trundle,JUNGLE,1,1,1.0
Grizzly,Vi,JUNGLE,1,0,0.0
Grizzly,Viego,JUNGLE,1,0,0.0
Grizzly,Wukong,JUNGLE,1,0,0.0
Gryffinn,Volibear,JUNGLE,1,1,1.0
Gryffinn,Wukong,JUNGLE,1,1,1.0
Guigo,Aatrox,UNKNOWN,6,3,0.5
Guigo,Gwen,UNKNOWN,6,2,0.3333333333333333
Guigo,K'Sante,UNKNOWN,6,2,0.3333333333333333
Guigo,Rumble,UNKNOWN,6,3,0.5
Guigo,Sion,UNKNOWN,5,1,0.2
Gumayusi,Aphelios,ADC,1,0,0.0
Gumayusi,Corki,ADC,9,5,0.5555555555555556
Gumayusi,Jhin,ADC,18,12,0.6666666666666666
Gumayusi,Lucian,ADC,11,7,0.6363636363636364
Gumayusi,Miss Fortune,ADC,7,5,0.7142857142857143
Gumayusi,Sivir,ADC,10,8,0.8
Gumayusi,Varus,ADC,11,6,0.5454545454545454
Gumayusi,Xayah,ADC,13,10,0.7692307692307693
Gumayusi,Yunara,ADC,1,0,0.0
Gumayusi,Ziggs,ADC,2,1,0.5
Guwon,Malphite,JUNGLE,2,2,1.0
Guwon,Pantheon,JUNGLE,1,0,0.0
Guwon,Qiyana,JUNGLE,3,2,0.6666666666666666
Guwon,Sejuani,JUNGLE,1,1,1.0
Guwon,Vi,JUNGLE,3,3,1.0
Guwon,Viego,JUNGLE,1,0,0.0
HOYA,Ambessa,TOP,1,1,1.0
HOYA,Aurora,TOP,2,2,1.0
HOYA,Gnar,TOP,2,1,0.5
HOYA,Malphite,TOP,2,2,1.0
HOYA,Ornn,TOP,1,0,0.0
HOYA,Poppy,TOP,1,1,1.0
HOYA,Renekton,TOP,3,2,0.6666666666666666
HOYA,Rumble,TOP,2,0,0.0
HOYA,Sion,TOP,1,1,1.0
HOYA,Yone,TOP,1,1,1.0
HamBak,Qiyana,JUNGLE,1,1,1.0
HamBak,Vi,JUNGLE,1,0,0.0
HamBak,Wukong,JUNGLE,6,3,0.5
Hang,Alistar,SUPPORT,16,12,0.75
Hang,Braum,UNKNOWN,9,7,0.7777777777777778
Hang,Karma,UNKNOWN,6,5,0.8333333333333334
Hang,Leona,UNKNOWN,10,6,0.6
Hang,Nautilus,UNKNOWN,7,3,0.4285714285714285
Hang,Neeko,UNKNOWN,6,4,0.6666666666666666
Hang,Rakan,UNKNOWN,12,11,0.9166666666666666
Hang,Rell,UNKNOWN,12,8,0.6666666666666666
Hang,Renata Glasc,UNKNOWN,5,5,1.0
Hans Sama,Caitlyn,ADC,9,6,0.6666666666666666
Hans Sama,Corki,ADC,2,0,0.0
Hans Sama,Ezreal,ADC,12,9,0.75
Hans Sama,Kai'Sa,ADC,10,7,0.7
Hans Sama,Varus,ADC,9,6,0.6666666666666666
Hans Sama,Xayah,ADC,6,5,0.8333333333333334
Hans Sama,Yunara,ADC,1,0,0.0
Hazel,Aphelios,ADC,2,0,0.0
Hazel,Varus,ADC,1,0,0.0
Hazel,Yunara,ADC,3,1,0.3333333333333333
Hena,Ashe,ADC,1,0,0.0
Hena,Corki,ADC,2,1,0.5
Hena,Seraphine,ADC,1,0,0.0
Hena,Sivir,ADC,1,1,1.0
Hena,Varus,ADC,8,2,0.25
Hena,Yunara,ADC,2,1,0.5
Heng,Nocturne,JUNGLE,2,2,1.0
Heng,Qiyana,JUNGLE,1,1,1.0
Heng,Udyr,JUNGLE,1,0,0.0
Heng,Vi,JUNGLE,2,1,0.5
Heng,Wukong,JUNGLE,2,1,0.5
Heng,Xin Zhao,JUNGLE,6,2,0.3333333333333333
Heru,Azir,MID,2,0,0.0
Heru,Corki,MID,1,0,0.0
Heru,Orianna,MID,2,1,0.5
Heru,Qiyana,MID,1,0,0.0
Heru,Ryze,MID,3,0,0.0
Heru,Syndra,MID,1,0,0.0
Heru,Taliyah,MID,3,0,0.0
Heru,Yasuo,MID,1,0,0.0
Hery,Anivia,TOP,1,0,0.0
Hery,Gnar,TOP,5,1,0.2
Hery,Malphite,TOP,1,0,0.0
Hery,Rumble,TOP,2,1,0.5
Hery,Sion,TOP,8,2,0.25
Hery,Yorick,TOP,1,0,0.0
Hery,Zaahen,TOP,2,1,0.5
HongQ,Ahri,MID,2,1,0.5
HongQ,Anivia,MID,2,0,0.0
HongQ,Aurora,MID,1,1,1.0
HongQ,Azir,MID,1,0,0.0
HongQ,Corki,MID,1,0,0.0
HongQ,Galio,MID,1,0,0.0
HongQ,Jayce,MID,1,0,0.0
HongQ,Neeko,MID,3,2,0.6666666666666666
HongQ,Orianna,MID,3,3,1.0
HongQ,Ryze,MID,2,1,0.5
HongQ,Taliyah,MID,2,1,0.5
HongQ,Viktor,MID,2,2,1.0
HongQ,Ziggs,MID,2,1,0.5
Hope,Aphelios,ADC,2,1,0.5
Hope,Cassiopeia,ADC,1,1,1.0
Hope,Corki,ADC,22,15,0.6818181818181818
Hope,Ezreal,ADC,10,8,0.8
Hope,Jhin,ADC,15,10,0.6666666666666666
Hope,Jinx,ADC,7,6,0.8571428571428571
Hope,Kai'Sa,ADC,20,13,0.65
Hope,Kalista,ADC,7,5,0.7142857142857143
Hope,Lucian,ADC,7,2,0.2857142857142857
Hope,Miss Fortune,ADC,10,9,0.9
Hope,Sivir,ADC,12,10,0.8333333333333334
Hope,Varus,ADC,20,16,0.8
Hope,Yunara,ADC,2,1,0.5
Hope,Ziggs,ADC,7,6,0.8571428571428571
Hoya,Ambessa,UNKNOWN,11,4,0.3636363636363636
Hoya,Galio,UNKNOWN,7,2,0.2857142857142857
Hoya,Gnar,UNKNOWN,5,1,0.2
Hoya,Ornn,UNKNOWN,8,3,0.375
Hoya,Poppy,UNKNOWN,5,3,0.6
Hoya,Renekton,UNKNOWN,5,2,0.4
Hoya,Rumble,TOP,16,6,0.375
Hoya,Sion,UNKNOWN,12,5,0.4166666666666667
Hoya,Yorick,UNKNOWN,6,1,0.1666666666666666
Humanoid,Aurelion Sol,MID,5,4,0.8
Humanoid,Azir,MID,8,6,0.75
Humanoid,Corki,MID,2,1,0.5
Humanoid,Neeko,MID,1,1,1.0
Humanoid,Ryze,MID,1,0,0.0
Humanoid,Taliyah,MID,10,7,0.7
Humanoid,Viktor,MID,5,2,0.4
Humanoid,Yone,MID,10,5,0.5
Humanoid,Zoe,MID,1,1,1.0
Hype,Ashe,UNKNOWN,6,2,0.3333333333333333
Hype,Corki,UNKNOWN,11,5,0.4545454545454545
Hype,Ezreal,UNKNOWN,6,5,0.8333333333333334
Hype,Jhin,UNKNOWN,8,2,0.25
Hype,Kai'Sa,UNKNOWN,7,4,0.5714285714285714
Hype,Lucian,UNKNOWN,9,2,0.2222222222222222
Hype,Miss Fortune,UNKNOWN,10,2,0.2
Hype,Sivir,UNKNOWN,6,1,0.1666666666666666
Hype,Varus,UNKNOWN,12,3,0.25
Hype,Zeri,UNKNOWN,5,2,0.4
ISMA,Elise,JUNGLE,1,1,1.0
ISMA,Malphite,JUNGLE,1,0,0.0
ISMA,Nidalee,JUNGLE,5,1,0.2
ISMA,Nocturne,JUNGLE,1,0,0.0
ISMA,Sejuani,JUNGLE,13,4,0.3076923076923077
ISMA,Vi,JUNGLE,6,3,0.5
ISMA,Xin Zhao,JUNGLE,9,3,0.3333333333333333
Ice,Aphelios,ADC,2,1,0.5
Ice,Cassiopeia,ADC,1,0,0.0
Ice,Corki,ADC,7,2,0.2857142857142857
Ice,Jhin,ADC,7,2,0.2857142857142857
Ice,Smolder,ADC,1,0,0.0
Ice,Varus,ADC,10,5,0.5
IgNar,Alistar,SUPPORT,1,0,0.0
IgNar,Nautilus,SUPPORT,1,0,0.0
Impact,Gwen,TOP,1,0,0.0
Impact,K'Sante,TOP,5,2,0.4
Impact,Mordekaiser,TOP,1,0,0.0
Impact,Renekton,TOP,9,5,0.5555555555555556
Impact,Rumble,TOP,11,7,0.6363636363636364
Impact,Sion,TOP,9,5,0.5555555555555556
Inspired,Pantheon,JUNGLE,1,1,1.0
Inspired,Sejuani,JUNGLE,9,9,1.0
Inspired,Vi,JUNGLE,5,4,0.8
Inspired,Wukong,JUNGLE,5,5,1.0
Inspired,Xin Zhao,JUNGLE,13,13,1.0
Irrelevant,Gnar,UNKNOWN,6,2,0.3333333333333333
Irrelevant,K'Sante,UNKNOWN,5,3,0.6
Irrelevant,Rumble,UNKNOWN,7,2,0.2857142857142857
Isles,Alistar,SUPPORT,8,3,0.375
Isles,Bard,SUPPORT,1,1,1.0
Isles,Lulu,SUPPORT,1,1,1.0
Isles,Pantheon,SUPPORT,1,1,1.0
JNX,Jayce,UNKNOWN,5,0,0.0
JackeyLove,Ashe,UNKNOWN,9,7,0.7777777777777778
JackeyLove,Corki,UNKNOWN,8,7,0.875
JackeyLove,Ezreal,ADC,17,14,0.8235294117647058
JackeyLove,Jhin,UNKNOWN,12,7,0.5833333333333334
JackeyLove,Kai'Sa,UNKNOWN,8,7,0.875
JackeyLove,Kalista,UNKNOWN,10,10,1.0
JackeyLove,Lucian,UNKNOWN,10,9,0.9
JackeyLove,Miss Fortune,ADC,13,9,0.6923076923076923
JackeyLove,Sivir,UNKNOWN,10,9,0.9
JackeyLove,Varus,ADC,16,15,0.9375
JackeyLove,Xayah,ADC,15,13,0.8666666666666667
Jackies,Azir,MID,7,3,0.42857142857142855
Jackies,Orianna,MID,11,5,0.45454545454545453
Jackies,Ryze,MID,1,1,1.0
Jackies,Taliyah,MID,8,4,0.5
Jackies,Yone,MID,7,6,0.8571428571428571
JeongHoon,Alistar,UNKNOWN,6,2,0.3333333333333333
JeongHoon,Rell,UNKNOWN,6,0,0.0
JiaQi,Aphelios,ADC,2,1,0.5
JiaQi,Corki,ADC,10,1,0.1
JiaQi,Jhin,ADC,3,0,0.0
JiaQi,Varus,ADC,7,1,0.14285714285714285
JiaQi,Yunara,ADC,2,2,1.0
Jiaqi,Ezreal,UNKNOWN,5,0,0.0
JieJie,Lillia,UNKNOWN,6,4,0.6666666666666666
JieJie,Naafiri,UNKNOWN,7,5,0.7142857142857143
JieJie,Pantheon,UNKNOWN,6,1,0.1666666666666666
JieJie,Poppy,UNKNOWN,5,5,1.0
JieJie,Sejuani,UNKNOWN,8,3,0.375
JieJie,Skarner,UNKNOWN,8,6,0.75
JieJie,Vi,UNKNOWN,12,6,0.5
JieJie,Wukong,UNKNOWN,6,3,0.5
JieJie,Xin Zhao,UNKNOWN,12,5,0.4166666666666667
Jiejie,Elise,JUNGLE,1,1,1.0
Jiejie,Malphite,JUNGLE,1,1,1.0
Jiejie,Nocturne,JUNGLE,1,0,0.0
Jiejie,Pantheon,JUNGLE,2,0,0.0
Jiejie,Qiyana,JUNGLE,2,1,0.5
Jiejie,Vi,JUNGLE,3,1,0.3333333333333333
Jiejie,Wukong,JUNGLE,1,0,0.0
Jiwoo,Ashe,ADC,8,4,0.5
Jiwoo,Cassiopeia,ADC,1,0,0.0
Jiwoo,Corki,ADC,3,2,0.6666666666666666
Jiwoo,Ezreal,ADC,11,5,0.4545454545454545
Jiwoo,Jhin,ADC,8,2,0.25
Jiwoo,Kai'Sa,ADC,12,6,0.5
Jiwoo,Kalista,ADC,6,3,0.5
Jiwoo,Lucian,ADC,2,0,0.0
Jiwoo,Miss Fortune,ADC,7,5,0.7142857142857143
Jiwoo,Senna,ADC,5,1,0.2
Jiwoo,Sivir,ADC,9,0,0.0
Jiwoo,Varus,ADC,9,3,0.3333333333333333
Jiwoo,Xayah,ADC,7,4,0.5714285714285714
Jiwoo,Yunara,ADC,3,1,0.3333333333333333
Jiwoo,Zeri,ADC,8,4,0.5
JoJo,Alistar,UNKNOWN,7,4,0.5714285714285714
JoJo,Nautilus,UNKNOWN,6,1,0.1666666666666666
JoJo,Neeko,UNKNOWN,7,4,0.5714285714285714
JoJo,Rakan,UNKNOWN,8,5,0.625
Jojopyun,Ahri,MID,9,6,0.6666666666666666
Jojopyun,Akali,MID,1,1,1.0
Jojopyun,Azir,MID,16,8,0.5
Jojopyun,Corki,MID,1,1,1.0
Jojopyun,Jayce,MID,1,1,1.0
Jojopyun,Ryze,MID,9,4,0.4444444444444444
Jojopyun,Taliyah,MID,14,9,0.6428571428571429
Jojopyun,Yone,MID,14,10,0.7142857142857143
Jool,Orianna,UNKNOWN,6,3,0.5
Jopa,Corki,ADC,1,0,0.0
Jopa,Jinx,ADC,1,0,0.0
Jopa,Varus,ADC,2,2,1.0
Jopa,Yunara,ADC,2,0,0.0
Josedeodo,Vi,JUNGLE,11,4,0.36363636363636365
Josedeodo,Wukong,JUNGLE,6,4,0.6666666666666666
Josedeodo,Xin Zhao,JUNGLE,6,3,0.5
Juhan,Malphite,JUNGLE,1,0,0.0
Juhan,Pantheon,JUNGLE,1,0,0.0
Juhan,Qiyana,JUNGLE,1,0,0.0
Juhan,Sylas,JUNGLE,1,1,1.0
Juhan,Trundle,JUNGLE,1,0,0.0
Juhan,Wukong,JUNGLE,3,0,0.0
Jun,Alistar,SUPPORT,11,3,0.2727272727272727
Jun,Bard,SUPPORT,1,1,1.0
Jun,Elise,SUPPORT,1,1,1.0
Jun,Lulu,SUPPORT,1,0,0.0
Jun,Nautilus,SUPPORT,9,3,0.3333333333333333
Jun,Neeko,SUPPORT,5,2,0.4
Jun,Poppy,SUPPORT,5,4,0.8
Jun,Rakan,SUPPORT,2,2,1.0
Jun,Rell,SUPPORT,11,6,0.5454545454545454
JunJia,Jayce,JUNGLE,1,0,0.0
JunJia,Malphite,JUNGLE,3,2,0.6666666666666666
JunJia,Nocturne,JUNGLE,1,1,1.0
JunJia,Vi,JUNGLE,4,2,0.5
JunJia,Wukong,JUNGLE,2,0,0.0
Junhao,Malphite,JUNGLE,1,0,0.0
Junhao,Naafiri,JUNGLE,5,3,0.6
Junhao,Nocturne,JUNGLE,1,0,0.0
Junhao,Qiyana,JUNGLE,1,0,0.0
Junhao,Vi,JUNGLE,12,1,0.08333333333333333
Junhao,Wukong,JUNGLE,13,1,0.07692307692307693
Junhao,Xin Zhao,JUNGLE,9,3,0.3333333333333333
Jwei,Alistar,SUPPORT,19,7,0.3684210526315789
Jwei,Braum,SUPPORT,6,1,0.1666666666666666
Jwei,Leona,SUPPORT,1,0,0.0
Jwei,Lulu,SUPPORT,2,1,0.5
Jwei,Nautilus,SUPPORT,25,3,0.12
Jwei,Neeko,SUPPORT,15,6,0.4
Jwei,Pantheon,SUPPORT,1,0,0.0
Jwei,Rakan,SUPPORT,10,3,0.3
Jwei,Rell,SUPPORT,22,5,0.22727272727272727
Jwei,Renata Glasc,SUPPORT,10,3,0.3
Jwei,Senna,SUPPORT,1,0,0.0
Jwei,Seraphine,SUPPORT,1,0,0.0
Jwei,Thresh,SUPPORT,1,0,0.0
Kael,Alistar,SUPPORT,15,10,0.6666666666666666
Kael,Bard,SUPPORT,12,10,0.8333333333333334
Kael,Braum,SUPPORT,10,8,0.8
Kael,Karma,SUPPORT,7,4,0.5714285714285714
Kael,Leona,SUPPORT,18,12,0.6666666666666666
Kael,Lulu,SUPPORT,7,3,0.42857142857142855
Kael,Nautilus,SUPPORT,10,5,0.5
Kael,Neeko,SUPPORT,13,11,0.8461538461538461
Kael,Pantheon,SUPPORT,3,2,0.6666666666666666
Kael,Poppy,SUPPORT,8,5,0.625
Kael,Rakan,SUPPORT,16,12,0.75
Kael,Rell,SUPPORT,20,15,0.75
Kael,Renata Glasc,SUPPORT,8,7,0.875
Kael,Thresh,SUPPORT,1,1,1.0
Kamiloo,Akali,MID,1,0,0.0
Kamiloo,Azir,MID,7,2,0.2857142857142857
Kamiloo,Neeko,MID,1,0,0.0
Kamiloo,Orianna,MID,1,1,1.0
Kamiloo,Ryze,MID,2,0,0.0
Kamiloo,Sylas,MID,5,1,0.2
Kamiloo,Taliyah,MID,1,0,0.0
Kamiloo,Tristana,MID,5,0,0.0
Kamiloo,Viktor,MID,9,1,0.1111111111111111
Kanavi,Jarvan IV,JUNGLE,10,10,1.0
Kanavi,Lee Sin,JUNGLE,6,5,0.8333333333333334
Kanavi,Naafiri,JUNGLE,10,8,0.8
Kanavi,Nidalee,JUNGLE,8,7,0.875
Kanavi,Pantheon,JUNGLE,10,9,0.9
Kanavi,Sejuani,JUNGLE,11,7,0.6363636363636364
Kanavi,Skarner,JUNGLE,14,12,0.8571428571428571
Kanavi,Trundle,JUNGLE,6,5,0.8333333333333334
Kanavi,Vi,JUNGLE,17,14,0.8235294117647058
Kanavi,Viego,JUNGLE,5,3,0.6
Kanavi,Wukong,JUNGLE,12,9,0.75
Kanavi,Xin Zhao,JUNGLE,20,15,0.75
Karis,Ahri,MID,8,3,0.375
Karis,Akali,MID,9,6,0.6666666666666666
Karis,Annie,MID,5,3,0.6
Karis,Aurora,MID,16,3,0.1875
Karis,Azir,MID,16,7,0.4375
Karis,Corki,MID,2,1,0.5
Karis,Mel,MID,1,0,0.0
Karis,Orianna,MID,9,2,0.2222222222222222
Karis,Ryze,MID,20,12,0.6
Karis,Sylas,MID,11,5,0.45454545454545453
Karis,Syndra,MID,1,0,0.0
Karis,Taliyah,MID,20,6,0.3
Karis,Viktor,MID,5,1,0.2
Kaze,Orianna,UNKNOWN,6,3,0.5
Keduii,Corki,UNKNOWN,9,2,0.2222222222222222
Keduii,Ezreal,UNKNOWN,5,1,0.2
Keine,Ahri,UNKNOWN,5,1,0.2
Keine,Azir,UNKNOWN,5,1,0.2
Kellin,Alistar,SUPPORT,15,9,0.6
Kellin,Bard,SUPPORT,1,1,1.0
Kellin,Braum,SUPPORT,11,4,0.3636363636363636
Kellin,Leona,SUPPORT,14,6,0.42857142857142855
Kellin,Lulu,SUPPORT,3,1,0.3333333333333333
Kellin,Milio,SUPPORT,1,1,1.0
Kellin,Nami,SUPPORT,1,1,1.0
Kellin,Nautilus,SUPPORT,1,1,1.0
Kellin,Neeko,SUPPORT,12,3,0.25
Kellin,Pantheon,SUPPORT,3,2,0.6666666666666666
Kellin,Rakan,SUPPORT,13,8,0.6153846153846154
Kellin,Rell,SUPPORT,14,4,0.2857142857142857
Kellin,Renata Glasc,SUPPORT,6,2,0.3333333333333333
Keria,Alistar,SUPPORT,10,5,0.5
Keria,Bard,SUPPORT,13,10,0.7692307692307693
Keria,Braum,SUPPORT,7,4,0.5714285714285714
Keria,Lulu,SUPPORT,2,2,1.0
Keria,Milio,SUPPORT,1,0,0.0
Keria,Nami,SUPPORT,1,1,1.0
Keria,Neeko,SUPPORT,11,7,0.6363636363636364
Keria,Pantheon,SUPPORT,2,1,0.5
Keria,Poppy,SUPPORT,14,9,0.6428571428571429
Keria,Rakan,SUPPORT,14,12,0.8571428571428571
Keria,Rell,SUPPORT,6,5,0.8333333333333334
Keria,Renata Glasc,SUPPORT,7,2,0.2857142857142857
Keria,Thresh,SUPPORT,2,1,0.5
Keshi,Ambessa,TOP,3,1,0.3333333333333333
Keshi,Gnar,TOP,1,0,0.0
Keshi,Gwen,TOP,1,0,0.0
Keshi,Malphite,TOP,1,0,0.0
Keshi,Renekton,TOP,3,0,0.0
Keshi,Rumble,TOP,1,0,0.0
Kiin,Ambessa,TOP,7,6,0.8571428571428571
Kiin,Anivia,TOP,2,2,1.0
Kiin,Aurora,TOP,7,5,0.7142857142857143
Kiin,Camille,TOP,5,4,0.8
Kiin,Gwen,TOP,22,20,0.9090909090909091
Kiin,Jayce,TOP,10,9,0.9
Kiin,K'Sante,TOP,12,9,0.75
Kiin,Ornn,TOP,7,5,0.7142857142857143
Kiin,Renekton,TOP,8,7,0.875
Kiin,Rumble,TOP,14,12,0.8571428571428571
Kiin,Sion,TOP,10,9,0.9
Kiin,Yone,TOP,1,1,1.0
Kiin,Yorick,TOP,6,6,1.0
Kingen,Ambessa,TOP,14,6,0.42857142857142855
Kingen,Anivia,TOP,5,1,0.2
Kingen,Aurora,TOP,8,3,0.375
Kingen,Camille,TOP,6,2,0.3333333333333333
Kingen,Gnar,TOP,6,3,0.5
Kingen,Gwen,TOP,13,5,0.38461538461538464
Kingen,Jayce,TOP,16,7,0.4375
Kingen,K'Sante,TOP,6,1,0.1666666666666666
Kingen,Malphite,TOP,1,0,0.0
Kingen,Renekton,TOP,2,0,0.0
Kingen,Rumble,TOP,19,7,0.3684210526315789
Kingen,Sion,TOP,2,0,0.0
Kingen,Zaahen,TOP,2,2,1.0
Kisee,Azir,UNKNOWN,6,3,0.5
Knight,Ahri,MID,2,0,0.0
Knight,Akali,MID,1,1,1.0
Knight,Annie,MID,5,4,0.8
Knight,Aurora,MID,7,5,0.7142857142857143
Knight,Azir,MID,8,4,0.5
Knight,Corki,MID,1,0,0.0
Knight,Neeko,MID,2,1,0.5
Knight,Orianna,MID,2,2,1.0
Knight,Qiyana,MID,2,2,1.0
Knight,Ryze,MID,1,1,1.0
Knight,Syndra,MID,3,2,0.6666666666666666
Knight,Taliyah,MID,9,8,0.8888888888888888
Knight,Ziggs,MID,1,1,1.0
KryRa,Pantheon,JUNGLE,1,0,0.0
KryRa,Wukong,JUNGLE,1,1,1.0
Kuri,Alistar,UNKNOWN,11,8,0.7272727272727273
Kuri,Braum,UNKNOWN,7,4,0.5714285714285714
Kuri,Nami,UNKNOWN,5,3,0.6
Kuri,Nautilus,UNKNOWN,5,2,0.4
Kuri,Neeko,UNKNOWN,9,6,0.6666666666666666
Kuri,Rakan,UNKNOWN,8,6,0.75
Kuri,Rell,UNKNOWN,8,5,0.625
LGDShaoye,Sivir,UNKNOWN,5,3,0.6
LGDShaoye,Xayah,UNKNOWN,5,1,0.2
LGDhaichao,Aurora,UNKNOWN,6,1,0.1666666666666666
LGDhaichao,Azir,UNKNOWN,6,0,0.0
LGDhaichao,Taliyah,UNKNOWN,7,2,0.2857142857142857
LIDER,Corki,MID,1,0,0.0
LIDER,Ekko,MID,1,0,0.0
LIDER,Jayce,MID,1,0,0.0
LIDER,Ryze,MID,2,1,0.5
LIDER,Viktor,MID,1,0,0.0
LIDER,Yone,MID,1,1,1.0
Labrov,Alistar,SUPPORT,14,9,0.6428571428571429
Labrov,Braum,SUPPORT,7,5,0.7142857142857143
Labrov,Leona,SUPPORT,9,7,0.7777777777777778
Labrov,Nautilus,SUPPORT,7,4,0.5714285714285714
Labrov,Neeko,SUPPORT,1,1,1.0
Labrov,Rakan,SUPPORT,8,5,0.625
Labrov,Rell,SUPPORT,10,6,0.6
Larssen,Azir,UNKNOWN,6,0,0.0
Larssen,Orianna,UNKNOWN,6,2,0.3333333333333333
Larssen,Viktor,UNKNOWN,6,1,0.1666666666666666
LazyFeel,Ezreal,UNKNOWN,6,3,0.5
Leave,Ashe,ADC,1,0,0.0
Leave,Corki,ADC,6,3,0.5
Leave,Ezreal,ADC,8,4,0.5
Leave,Jhin,ADC,13,8,0.6153846153846154
Leave,Jinx,ADC,2,1,0.5
Leave,Kai'Sa,ADC,16,5,0.3125
Leave,Lucian,ADC,5,1,0.2
Leave,Miss Fortune,ADC,11,2,0.1818181818181818
Leave,Senna,ADC,6,4,0.6666666666666666
Leave,Sivir,ADC,9,7,0.7777777777777778
Leave,Smolder,ADC,6,3,0.5
Leave,Varus,ADC,15,7,0.4666666666666667
Leave,Yunara,ADC,4,2,0.5
Leave,Zeri,ADC,9,4,0.4444444444444444
Lehends,Alistar,SUPPORT,18,4,0.2222222222222222
Lehends,Blitzcrank,SUPPORT,6,3,0.5
Lehends,Braum,SUPPORT,1,0,0.0
Lehends,Elise,SUPPORT,17,8,0.4705882352941176
Lehends,Karma,SUPPORT,1,0,0.0
Lehends,Leona,SUPPORT,12,6,0.5
Lehends,Nautilus,SUPPORT,20,9,0.45
Lehends,Neeko,SUPPORT,2,1,0.5
Lehends,Pantheon,SUPPORT,2,1,0.5
Lehends,Rakan,SUPPORT,5,2,0.4
Lehends,Rell,SUPPORT,5,2,0.4
Lehends,Shen,SUPPORT,9,4,0.4444444444444444
Liangchen,Ambessa,TOP,1,0,0.0
Liangchen,Jax,TOP,1,0,0.0
Liangchen,Malphite,TOP,1,0,0.0
Liangchen,Renekton,TOP,1,0,0.0
Liangchen,Rumble,TOP,2,1,0.5
Liangchen,Sion,TOP,3,1,0.3333333333333333
Licorice,Rumble,UNKNOWN,6,1,0.1666666666666666
Life,Alistar,SUPPORT,9,1,0.1111111111111111
Life,Braum,SUPPORT,9,1,0.1111111111111111
Life,Lulu,SUPPORT,1,0,0.0
Life,Nami,SUPPORT,1,0,0.0
Life,Nautilus,SUPPORT,9,0,0.0
Life,Neeko,SUPPORT,8,4,0.5
Life,Pantheon,SUPPORT,1,0,0.0
Life,Rakan,SUPPORT,10,2,0.2
Life,Rell,SUPPORT,16,2,0.125
Life,Renata Glasc,SUPPORT,6,1,0.1666666666666666
Light,Corki,UNKNOWN,10,3,0.3
Light,Ezreal,UNKNOWN,10,4,0.4
Light,Jhin,ADC,14,7,0.5
Light,Kai'Sa,ADC,20,7,0.35
Light,Kalista,UNKNOWN,7,2,0.2857142857142857
Light,Miss Fortune,ADC,15,8,0.5333333333333333
Light,Sivir,UNKNOWN,10,7,0.7
Light,Varus,ADC,18,8,0.4444444444444444
Light,Xayah,UNKNOWN,12,8,0.6666666666666666
Linfeng,Aurora,UNKNOWN,5,1,0.2
Loki ,Aurora,UNKNOWN,6,3,0.5
Loki ,Azir,UNKNOWN,9,6,0.6666666666666666
Loki ,Orianna,UNKNOWN,5,3,0.6
Loki ,Sylas,UNKNOWN,5,2,0.4
Loki ,Taliyah,UNKNOWN,9,7,0.7777777777777778
Loki ,Yone,UNKNOWN,7,4,0.5714285714285714
Loopy,Leona,UNKNOWN,6,0,0.0
Loopy,Nautilus,UNKNOWN,6,1,0.1666666666666666
Loopy,Rakan,UNKNOWN,6,2,0.3333333333333333
Loopy,Rell,UNKNOWN,6,3,0.5
Lospa,Alistar,SUPPORT,4,3,0.75
Lospa,Nautilus,SUPPORT,1,1,1.0
Lospa,Thresh,SUPPORT,1,0,0.0
Lot,Aatrox,TOP,1,0,0.0
Lot,Ambessa,TOP,1,1,1.0
Lot,Gnar,TOP,1,1,1.0
Lot,Gwen,TOP,5,1,0.2
Lot,Jax,TOP,8,4,0.5
Lot,K'Sante,TOP,10,4,0.4
Lot,Malphite,TOP,1,0,0.0
Lot,Rumble,TOP,8,5,0.625
Lot,Sion,TOP,5,2,0.4
Lot,Yone,TOP,1,1,1.0
Lucid,Ekko,JUNGLE,1,1,1.0
Lucid,Jarvan IV,JUNGLE,8,6,0.75
Lucid,Lee Sin,JUNGLE,5,3,0.6
Lucid,Lillia,JUNGLE,6,3,0.5
Lucid,Naafiri,JUNGLE,9,4,0.4444444444444444
Lucid,Pantheon,JUNGLE,10,8,0.8
Lucid,Qiyana,JUNGLE,1,0,0.0
Lucid,Sejuani,JUNGLE,10,3,0.3
Lucid,Skarner,JUNGLE,10,6,0.6
Lucid,Trundle,JUNGLE,10,6,0.6
Lucid,Vi,JUNGLE,9,5,0.5555555555555556
Lucid,Viego,JUNGLE,6,3,0.5
Lucid,Wukong,JUNGLE,15,11,0.7333333333333333
Lucid,Xin Zhao,JUNGLE,13,9,0.6923076923076923
Lyncas,Maokai,JUNGLE,5,2,0.4
Lyncas,Naafiri,JUNGLE,5,3,0.6
Lyncas,Pantheon,JUNGLE,9,5,0.5555555555555556
Lyncas,Vi,JUNGLE,5,1,0.2
Lyncas,Wukong,JUNGLE,8,4,0.5
Lyncas,Xin Zhao,JUNGLE,7,4,0.5714285714285714
Lyonz,Bard,SUPPORT,1,1,1.0
Lyonz,Neeko,SUPPORT,1,0,0.0
Lyonz,Pantheon,SUPPORT,1,0,0.0
Lyonz,Rakan,SUPPORT,1,1,1.0
Lyonz,Rell,SUPPORT,6,2,0.3333333333333333
MISSING,Alistar,SUPPORT,14,8,0.5714285714285714
MISSING,Bard,SUPPORT,1,1,1.0
MISSING,Karma,SUPPORT,1,1,1.0
MISSING,Leona,SUPPORT,9,5,0.5555555555555556
MISSING,Lulu,SUPPORT,2,2,1.0
MISSING,Nami,SUPPORT,1,1,1.0
MISSING,Nautilus,SUPPORT,13,6,0.4615384615384615
MISSING,Neeko,SUPPORT,7,4,0.5714285714285714
MISSING,Pantheon,SUPPORT,1,0,0.0
MISSING,Poppy,SUPPORT,1,1,1.0
MISSING,Rakan,SUPPORT,10,5,0.5
MISSING,Rell,SUPPORT,7,4,0.5714285714285714
MISSING,Renata Glasc,SUPPORT,7,4,0.5714285714285714
Malrang,Maokai,UNKNOWN,5,2,0.4
Malrang,Sejuani,UNKNOWN,8,2,0.25
Malrang,Xin Zhao,UNKNOWN,6,1,0.1666666666666666
Marvin,Ashe,UNKNOWN,7,1,0.1428571428571428
Marvin,Ezreal,UNKNOWN,5,1,0.2
Massu,Aphelios,ADC,1,1,1.0
Massu,Corki,ADC,8,7,0.875
Massu,Ezreal,ADC,6,5,0.8333333333333334
Massu,Jhin,ADC,7,6,0.8571428571428571
Massu,Lucian,ADC,5,5,1.0
Massu,Varus,ADC,10,8,0.8
Maynter,Aatrox,TOP,3,2,0.6666666666666666
Maynter,Ambessa,TOP,2,1,0.5
Maynter,Poppy,TOP,1,0,0.0
Maynter,Sion,TOP,2,2,1.0
Meiko,Alistar,SUPPORT,27,20,0.7407407407407407
Meiko,Bard,UNKNOWN,5,3,0.6
Meiko,Braum,SUPPORT,15,10,0.6666666666666666
Meiko,Leona,SUPPORT,14,6,0.4285714285714285
Meiko,Nautilus,UNKNOWN,7,0,0.0
Meiko,Neeko,UNKNOWN,9,7,0.7777777777777778
Meiko,Rakan,SUPPORT,15,11,0.7333333333333333
Meiko,Rell,SUPPORT,19,13,0.6842105263157895
Meiko,Renata Glasc,UNKNOWN,6,5,0.8333333333333334
Mikyx,Alistar,SUPPORT,9,5,0.5555555555555556
Mikyx,Bard,SUPPORT,1,0,0.0
Mikyx,Braum,SUPPORT,5,3,0.6
Mikyx,Leona,SUPPORT,5,4,0.8
Mikyx,Nautilus,SUPPORT,9,5,0.5555555555555556
Mikyx,Neeko,SUPPORT,7,4,0.5714285714285714
Mikyx,Pantheon,SUPPORT,2,1,0.5
Mikyx,Rakan,SUPPORT,12,6,0.5
Mikyx,Rell,SUPPORT,17,12,0.7058823529411765
Mikyx,Renata Glasc,SUPPORT,6,5,0.8333333333333334
Mireu,Ahri,UNKNOWN,6,3,0.5
Mireu,Akali,UNKNOWN,7,3,0.4285714285714285
Mireu,Annie,UNKNOWN,5,3,0.6
Mireu,Aurora,UNKNOWN,9,6,0.6666666666666666
Mireu,Azir,UNKNOWN,10,6,0.6
Mireu,Galio,UNKNOWN,5,1,0.2
Mireu,Sylas,UNKNOWN,6,3,0.5
Mireu,Yone,UNKNOWN,6,3,0.5
Moham,Alistar,SUPPORT,1,0,0.0
Moham,Leona,SUPPORT,2,0,0.0
Moham,Lulu,SUPPORT,2,1,0.5
Moham,Nautilus,SUPPORT,1,0,0.0
Moham,Neeko,SUPPORT,1,0,0.0
Moham,Pantheon,SUPPORT,1,0,0.0
Moham,Rakan,SUPPORT,7,2,0.2857142857142857
Moham,Rell,SUPPORT,8,2,0.25
Moham,Seraphine,SUPPORT,1,1,1.0
Monki,Naafiri,JUNGLE,8,3,0.375
Monki,Olaf,JUNGLE,6,1,0.1666666666666666
Monki,Pantheon,JUNGLE,11,5,0.4545454545454545
Monki,Skarner,JUNGLE,20,8,0.4
Monki,Sylas,JUNGLE,1,1,1.0
Monki,Trundle,JUNGLE,11,7,0.6363636363636364
Monki,Vi,JUNGLE,6,0,0.0
Monki,Viego,JUNGLE,12,5,0.4166666666666667
Monki,Wukong,JUNGLE,11,2,0.18181818181818182
Monki,Xin Zhao,JUNGLE,13,3,0.2307692307692307
Morgan,Ambessa,TOP,15,4,0.2666666666666666
Morgan,Aurora,TOP,5,3,0.6
Morgan,Gwen,TOP,6,0,0.0
Morgan,Jax,TOP,8,1,0.125
Morgan,Renekton,TOP,8,3,0.375
Morgan,Rumble,TOP,16,6,0.375
Morgan,Sion,TOP,12,5,0.4166666666666667
Morgan,Yone,TOP,1,0,0.0
Morgan,Yorick,TOP,11,4,0.3636363636363636
Morttheus,Jhin,UNKNOWN,7,4,0.5714285714285714
Morttheus,Kai'Sa,UNKNOWN,10,6,0.6
Morttheus,Miss Fortune,UNKNOWN,9,6,0.6666666666666666
Morttheus,Varus,UNKNOWN,9,3,0.3333333333333333
Myrwn,Ambessa,TOP,16,11,0.6875
Myrwn,Aurora,TOP,6,3,0.5
Myrwn,Gwen,TOP,8,5,0.625
Myrwn,Jayce,TOP,1,1,1.0
Myrwn,K'Sante,TOP,11,6,0.5454545454545454
Myrwn,Renekton,TOP,1,0,0.0
Myrwn,Rumble,TOP,12,10,0.8333333333333334
Myrwn,Sion,TOP,8,4,0.5
Naak Nako,Aatrox,TOP,7,4,0.5714285714285714
Naak Nako,Ambessa,TOP,6,4,0.6666666666666666
Naak Nako,Gnar,TOP,5,1,0.2
Naak Nako,Gwen,TOP,1,0,0.0
Naak Nako,K'Sante,TOP,5,2,0.4
Naak Nako,Renekton,TOP,2,1,0.5
Naak Nako,Rumble,TOP,8,5,0.625
Namgung,Braum,SUPPORT,3,0,0.0
Namgung,Elise,SUPPORT,2,1,0.5
Namgung,Karma,SUPPORT,2,1,0.5
Namgung,Leona,SUPPORT,2,0,0.0
Namgung,Nautilus,SUPPORT,1,1,1.0
Namgung,Neeko,SUPPORT,1,0,0.0
Namgung,Pantheon,SUPPORT,3,1,0.3333333333333333
Namgung,Poppy,SUPPORT,1,0,0.0
Namgung,Rakan,SUPPORT,1,1,1.0
Namgung,Rell,SUPPORT,1,0,0.0
Namgung,Thresh,SUPPORT,1,1,1.0
Nemesis,Azir,MID,1,0,0.0
Nemesis,Corki,MID,3,0,0.0
Nemesis,Orianna,MID,1,0,0.0
Nemesis,Ryze,MID,4,2,0.5
Niket,Alistar,UNKNOWN,9,4,0.4444444444444444
Niket,Braum,UNKNOWN,6,3,0.5
Niket,Nautilus,UNKNOWN,8,4,0.5
Niket,Neeko,UNKNOWN,6,3,0.5
Niket,Rell,UNKNOWN,12,8,0.6666666666666666
Nisqy,Alistar,UNKNOWN,6,2,0.3333333333333333
Noah,Aphelios,ADC,1,0,0.0
Noah,Caitlyn,ADC,1,1,1.0
Noah,Corki,ADC,10,5,0.5
Noah,Ezreal,ADC,9,2,0.2222222222222222
Noah,Jhin,ADC,1,0,0.0
Noah,Kai'Sa,ADC,9,6,0.6666666666666666
Noah,Miss Fortune,ADC,5,2,0.4
Noah,Varus,ADC,11,5,0.45454545454545453
ON,Alistar,SUPPORT,21,15,0.7142857142857143
ON,Bard,SUPPORT,1,1,1.0
ON,Blitzcrank,SUPPORT,1,0,0.0
ON,Braum,SUPPORT,11,8,0.7272727272727273
ON,Elise,SUPPORT,6,3,0.5
ON,Karma,SUPPORT,8,3,0.375
ON,Leona,SUPPORT,9,6,0.6666666666666666
ON,Maokai,SUPPORT,7,2,0.2857142857142857
ON,Nautilus,SUPPORT,13,6,0.46153846153846156
ON,Neeko,SUPPORT,16,12,0.75
ON,Nocturne,SUPPORT,9,4,0.4444444444444444
ON,Pantheon,SUPPORT,11,5,0.45454545454545453
ON,Poppy,SUPPORT,14,10,0.7142857142857143
ON,Rakan,SUPPORT,19,14,0.7368421052631579
ON,Rell,SUPPORT,16,13,0.8125
ON,Renata Glasc,SUPPORT,8,4,0.5
ON,Sejuani,SUPPORT,20,9,0.45
ON,Seraphine,SUPPORT,1,1,1.0
ON,Skarner,SUPPORT,5,2,0.4
ON,Thresh,SUPPORT,2,1,0.5
ON,Vi,SUPPORT,9,3,0.3333333333333333
ON,Viego,SUPPORT,5,1,0.2
ON,Wukong,SUPPORT,11,1,0.0909090909090909
ON,Xin Zhao,SUPPORT,14,4,0.2857142857142857
Oddielan,Xin Zhao,UNKNOWN,6,0,0.0
Oner,Jarvan IV,JUNGLE,8,5,0.625
Oner,Jayce,JUNGLE,1,1,1.0
Oner,Nocturne,JUNGLE,14,12,0.8571428571428571
Oner,Pantheon,JUNGLE,14,8,0.5714285714285714
Oner,Sejuani,JUNGLE,6,4,0.6666666666666666
Oner,Skarner,JUNGLE,10,6,0.6
Oner,Sylas,JUNGLE,2,1,0.5
Oner,Trundle,JUNGLE,6,4,0.6666666666666666
Oner,Vi,JUNGLE,8,7,0.875
Oner,Wukong,JUNGLE,9,6,0.6666666666666666
Oner,Xin Zhao,JUNGLE,20,14,0.7
Oscarinin,Ambessa,UNKNOWN,9,8,0.8888888888888888
Oscarinin,Gragas,UNKNOWN,6,5,0.8333333333333334
Oscarinin,Gwen,UNKNOWN,8,7,0.875
Oscarinin,Jayce,UNKNOWN,6,5,0.8333333333333334
Oscarinin,K'Sante,UNKNOWN,5,2,0.4
Oscarinin,Rumble,TOP,13,9,0.6923076923076923
Oscarinin,Sion,UNKNOWN,8,4,0.5
Paduck,Cassiopeia,ADC,1,1,1.0
Paduck,Corki,ADC,2,1,0.5
Paduck,Ezreal,ADC,2,0,0.0
Paduck,Lucian,ADC,1,0,0.0
Paduck,Swain,ADC,1,0,0.0
Paduck,Varus,ADC,1,1,1.0
Palafox,Annie,MID,7,5,0.7142857142857143
Palafox,Azir,MID,6,2,0.3333333333333333
Palafox,Orianna,MID,8,3,0.375
Palafox,Taliyah,MID,8,3,0.375
Palafox,Viktor,MID,6,5,0.8333333333333334
Palafox,Yone,MID,5,2,0.4
Parukia,Alistar,SUPPORT,9,6,0.6666666666666666
Parukia,Bard,SUPPORT,1,1,1.0
Parukia,Leona,SUPPORT,1,1,1.0
Parukia,Nautilus,SUPPORT,9,6,0.6666666666666666
Parukia,Neeko,SUPPORT,3,3,1.0
Parukia,Pantheon,SUPPORT,1,1,1.0
Parukia,Poppy,SUPPORT,1,0,0.0
Parukia,Rell,SUPPORT,9,3,0.3333333333333333
Parus,Alistar,SUPPORT,7,3,0.42857142857142855
Parus,Braum,SUPPORT,5,1,0.2
Parus,Nautilus,SUPPORT,1,0,0.0
Parus,Poppy,SUPPORT,1,0,0.0
Parus,Rakan,SUPPORT,10,5,0.5
Parus,Rell,SUPPORT,15,7,0.4666666666666667
Patrik,Corki,UNKNOWN,6,1,0.1666666666666666
Patrik,Varus,UNKNOWN,9,2,0.2222222222222222
Peanut,Jarvan IV,UNKNOWN,8,4,0.5
Peanut,Maokai,UNKNOWN,9,6,0.6666666666666666
Peanut,Nidalee,UNKNOWN,8,6,0.75
Peanut,Pantheon,UNKNOWN,5,3,0.6
Peanut,Poppy,UNKNOWN,8,4,0.5
Peanut,Sejuani,JUNGLE,17,11,0.6470588235294118
Peanut,Skarner,UNKNOWN,5,2,0.4
Peanut,Vi,UNKNOWN,7,2,0.2857142857142857
Peanut,Wukong,UNKNOWN,12,10,0.8333333333333334
Peanut,Xin Zhao,JUNGLE,23,17,0.7391304347826086
PerfecT,Ambessa,TOP,11,5,0.4545454545454545
PerfecT,Gnar,TOP,1,1,1.0
PerfecT,Gwen,TOP,8,5,0.625
PerfecT,Jayce,TOP,9,7,0.7777777777777778
PerfecT,K'Sante,TOP,7,2,0.2857142857142857
PerfecT,Kennen,TOP,1,1,1.0
PerfecT,Ornn,TOP,5,2,0.4
PerfecT,Renekton,TOP,12,7,0.5833333333333334
PerfecT,Rumble,TOP,16,8,0.5
PerfecT,Sion,TOP,13,7,0.5384615384615384
PerfecT,Yorick,TOP,9,6,0.6666666666666666
Peter,Alistar,SUPPORT,19,13,0.6842105263157895
Peter,Leona,SUPPORT,16,9,0.5625
Peter,Nautilus,UNKNOWN,8,3,0.375
Peter,Neeko,UNKNOWN,10,5,0.5
Peter,Poppy,UNKNOWN,6,4,0.6666666666666666
Peter,Rakan,UNKNOWN,11,8,0.7272727272727273
Peter,Rell,UNKNOWN,6,3,0.5
Peyz,Aphelios,ADC,4,3,0.75
Peyz,Corki,ADC,13,5,0.38461538461538464
Peyz,Ezreal,ADC,12,9,0.75
Peyz,Jhin,ADC,10,6,0.6
Peyz,Kai'Sa,ADC,10,7,0.7
Peyz,Kalista,ADC,10,7,0.7
Peyz,Lucian,ADC,13,6,0.46153846153846156
Peyz,Miss Fortune,ADC,13,9,0.6923076923076923
Peyz,Sivir,ADC,7,4,0.5714285714285714
Peyz,Varus,ADC,13,4,0.3076923076923077
Peyz,Xayah,ADC,11,7,0.6363636363636364
Peyz,Yunara,ADC,5,3,0.6
Peyz,Zeri,ADC,7,3,0.4285714285714285
Photic,Aphelios,ADC,1,0,0.0
Photic,Ashe,ADC,1,0,0.0
Photic,Corki,ADC,3,1,0.3333333333333333
Photic,Ezreal,ADC,1,1,1.0
Photic,Jhin,ADC,1,0,0.0
Photic,Senna,ADC,1,0,0.0
Photic,Seraphine,ADC,1,0,0.0
Photic,Sivir,ADC,4,0,0.0
Photic,Swain,ADC,1,0,0.0
Photic,Varus,ADC,3,2,0.6666666666666666
Photic,Yunara,ADC,2,1,0.5
Photon,Kennen,TOP,1,0,0.0
Poby,Akali,MID,1,0,0.0
Poby,Azir,MID,2,2,1.0
Poby,Qiyana,MID,1,1,1.0
Poby,Taliyah,MID,3,2,0.6666666666666666
Pollu,Alistar,SUPPORT,9,4,0.4444444444444444
Pollu,Braum,SUPPORT,13,2,0.15384615384615385
Pollu,Nautilus,SUPPORT,16,5,0.3125
Pollu,Neeko,SUPPORT,10,3,0.3
Pollu,Poppy,SUPPORT,12,5,0.4166666666666667
Pollu,Rakan,SUPPORT,11,4,0.36363636363636365
Pollu,Rell,SUPPORT,19,8,0.4210526315789473
Prime,Alistar,SUPPORT,1,1,1.0
Prime,Bard,SUPPORT,2,0,0.0
Prime,Nautilus,SUPPORT,1,0,0.0
Prime,Neeko,SUPPORT,1,0,0.0
Prime,Pantheon,SUPPORT,1,0,0.0
Prime,Rakan,SUPPORT,1,0,0.0
ProDelta,Nautilus,UNKNOWN,7,1,0.1428571428571428
ProDelta,Rell,UNKNOWN,10,3,0.3
Pyosik,Hecarim,JUNGLE,1,0,0.0
Pyosik,Jayce,JUNGLE,1,1,1.0
Pyosik,Naafiri,JUNGLE,5,0,0.0
Pyosik,Nocturne,JUNGLE,5,2,0.4
Pyosik,Pantheon,JUNGLE,1,0,0.0
Pyosik,Sejuani,JUNGLE,8,1,0.125
Pyosik,Skarner,JUNGLE,8,1,0.125
Pyosik,Trundle,JUNGLE,7,0,0.0
Pyosik,Vi,JUNGLE,8,2,0.25
Pyosik,Wukong,JUNGLE,13,3,0.23076923076923078
Pyosik,Xin Zhao,JUNGLE,9,0,0.0
Quad,Azir,MID,8,7,0.875
Quad,Cassiopeia,MID,6,5,0.8333333333333334
Quad,Orianna,MID,6,5,0.8333333333333334
Quad,Taliyah,MID,11,11,1.0
Quad,Viktor,MID,8,7,0.875
Quid,Aurora,MID,7,4,0.5714285714285714
Quid,Azir,MID,7,2,0.2857142857142857
Quid,Corki,MID,1,0,0.0
Quid,Orianna,MID,7,2,0.2857142857142857
Quid,Ryze,MID,7,4,0.5714285714285714
Quid,Sylas,MID,6,5,0.8333333333333334
Quid,Taliyah,MID,5,3,0.6
Quid,Viktor,MID,7,4,0.5714285714285714
Quid,Yone,MID,8,5,0.625
RKR,Viktor,UNKNOWN,5,0,0.0
RKR,Yone,UNKNOWN,5,1,0.2
Rabelo,Corki,UNKNOWN,5,4,0.8
Rabelo,Ezreal,UNKNOWN,5,4,0.8
Rahel,Aphelios,ADC,1,0,0.0
Rahel,Cassiopeia,ADC,1,0,0.0
Rahel,Corki,ADC,1,1,1.0
Rahel,Ezreal,ADC,5,1,0.2
Rahel,Lucian,ADC,1,0,0.0
Raptor,Jayce,JUNGLE,1,1,1.0
Raptor,Lillia,JUNGLE,1,1,1.0
Raptor,Naafiri,JUNGLE,13,6,0.4615384615384615
Raptor,Nocturne,JUNGLE,1,0,0.0
Raptor,Pantheon,JUNGLE,9,5,0.5555555555555556
Raptor,Qiyana,JUNGLE,2,0,0.0
Raptor,Skarner,JUNGLE,8,3,0.375
Raptor,Sylas,JUNGLE,1,1,1.0
Raptor,Vi,JUNGLE,8,3,0.375
Raptor,Wukong,JUNGLE,17,9,0.5294117647058824
Raptor,Xin Zhao,JUNGLE,19,7,0.3684210526315789
Razork,Maokai,JUNGLE,8,6,0.75
Razork,Pantheon,JUNGLE,9,7,0.7777777777777778
Razork,Skarner,JUNGLE,9,5,0.5555555555555556
Razork,Vi,JUNGLE,15,10,0.6666666666666666
Razork,Wukong,JUNGLE,11,7,0.6363636363636364
Razork,Xin Zhao,JUNGLE,5,2,0.4
RedBert,Alistar,UNKNOWN,8,4,0.5
RedBert,Nautilus,UNKNOWN,8,2,0.25
RedBert,Rakan,UNKNOWN,5,1,0.2
RedBert,Rell,UNKNOWN,7,4,0.5714285714285714
Rekkles,Bard,SUPPORT,1,0,0.0
Rekkles,Braum,SUPPORT,3,1,0.3333333333333333
Rekkles,Nami,SUPPORT,2,1,0.5
Rekkles,Pantheon,SUPPORT,1,1,1.0
Rhilech,Qiyana,JUNGLE,1,1,1.0
Rich,Aatrox,TOP,1,1,1.0
Rich,Ambessa,TOP,19,7,0.3684210526315789
Rich,Aurora,TOP,6,3,0.5
Rich,Gnar,TOP,8,3,0.375
Rich,Gragas,TOP,1,0,0.0
Rich,Gwen,TOP,11,2,0.18181818181818182
Rich,Jax,TOP,3,2,0.6666666666666666
Rich,Jayce,TOP,10,4,0.4
Rich,K'Sante,TOP,8,3,0.375
Rich,Kennen,TOP,1,0,0.0
Rich,Malphite,TOP,1,1,1.0
Rich,Poppy,TOP,1,0,0.0
Rich,Renekton,TOP,2,2,1.0
Rich,Rumble,TOP,11,2,0.1818181818181818
Rich,Sion,TOP,11,2,0.18181818181818182
Rich,Zaahen,TOP,1,0,0.0
River,Jarvan IV,UNKNOWN,7,4,0.5714285714285714
River,Maokai,UNKNOWN,6,4,0.6666666666666666
River,Naafiri,UNKNOWN,8,3,0.375
River,Pantheon,UNKNOWN,5,3,0.6
River,Sejuani,UNKNOWN,9,7,0.7777777777777778
River,Vi,UNKNOWN,5,3,0.6
River,Wukong,UNKNOWN,8,5,0.625
River,Xin Zhao,UNKNOWN,5,3,0.6
Roamer,Akali,MID,1,0,0.0
Roamer,Aurora,MID,1,1,1.0
Roamer,Azir,MID,1,1,1.0
Roamer,Corki,MID,2,2,1.0
Roamer,Galio,MID,5,3,0.6
Roamer,Neeko,MID,1,0,0.0
Roamer,Orianna,MID,8,4,0.5
Roamer,Ryze,MID,4,1,0.25
Roamer,Sylas,MID,1,1,1.0
Roamer,Syndra,MID,1,0,0.0
Roamer,Taliyah,MID,9,4,0.4444444444444444
Roamer,Tristana,MID,1,0,0.0
Roamer,Ziggs,MID,1,0,0.0
Roamer,Zoe,MID,1,0,0.0
Robo,Aatrox,UNKNOWN,5,2,0.4
Robo,Jax,UNKNOWN,6,3,0.5
Robo,Renekton,UNKNOWN,9,3,0.3333333333333333
Robo,Rumble,UNKNOWN,10,5,0.5
Rookie,Ahri,MID,11,7,0.6363636363636364
Rookie,Anivia,MID,3,2,0.6666666666666666
Rookie,Annie,MID,17,12,0.7058823529411765
Rookie,Aurora,MID,8,4,0.5
Rookie,Azir,MID,14,8,0.5714285714285714
Rookie,Corki,MID,3,1,0.3333333333333333
Rookie,Galio,MID,5,4,0.8
Rookie,Jayce,MID,1,1,1.0
Rookie,LeBlanc,MID,2,1,0.5
Rookie,Neeko,MID,2,1,0.5
Rookie,Orianna,MID,20,12,0.6
Rookie,Qiyana,MID,3,1,0.3333333333333333
Rookie,Ryze,MID,13,7,0.5384615384615384
Rookie,Swain,MID,1,0,0.0
Rookie,Sylas,MID,9,4,0.4444444444444444
Rookie,Syndra,MID,4,1,0.25
Rookie,Taliyah,MID,19,10,0.5263157894736842
Rookie,Viktor,MID,6,1,0.1666666666666666
Rookie,Yone,MID,8,5,0.625
Rooster,Aurora,TOP,1,1,1.0
Rooster,Rumble,TOP,1,0,0.0
Route,Ashe,UNKNOWN,5,3,0.6
Route,Ezreal,UNKNOWN,9,3,0.3333333333333333
Route,Lucian,UNKNOWN,7,4,0.5714285714285714
Route,Sivir,UNKNOWN,5,3,0.6
Route,Xayah,UNKNOWN,5,3,0.6
Ruler,Ashe,ADC,6,5,0.8333333333333334
Ruler,Corki,ADC,16,13,0.8125
Ruler,Ezreal,ADC,15,14,0.9333333333333333
Ruler,Jhin,ADC,18,16,0.8888888888888888
Ruler,Kai'Sa,ADC,9,9,1.0
Ruler,Lucian,ADC,8,6,0.75
Ruler,Miss Fortune,ADC,9,8,0.8888888888888888
Ruler,Seraphine,ADC,1,1,1.0
Ruler,Varus,ADC,9,5,0.5555555555555556
Ruler,Xayah,ADC,9,8,0.8888888888888888
Ruler,Yunara,ADC,1,1,1.0
Ryan3,Ashe,ADC,1,0,0.0
Ryan3,Corki,ADC,1,0,0.0
Ryan3,Jhin,ADC,1,0,0.0
Ryan3,Seraphine,ADC,1,0,0.0
Ryan3,Varus,ADC,3,0,0.0
Ryan3,Yasuo,ADC,1,0,0.0
Ryan3,Yunara,ADC,2,0,0.0
SCARY,Sejuani,UNKNOWN,7,2,0.2857142857142857
SCARY,Vi,UNKNOWN,9,4,0.4444444444444444
SCARY,Xin Zhao,UNKNOWN,6,2,0.3333333333333333
Saber,Ahri,MID,1,0,0.0
Saber,Akali,MID,7,2,0.2857142857142857
Saber,Corki,MID,2,1,0.5
Saber,Ekko,MID,1,0,0.0
Saber,Galio,MID,6,2,0.3333333333333333
Saber,Neeko,MID,1,0,0.0
Saber,Orianna,MID,1,0,0.0
Saber,Ryze,MID,13,5,0.38461538461538464
Saber,Syndra,MID,1,0,0.0
Saber,Taliyah,MID,13,3,0.23076923076923078
Saber,Zoe,MID,1,1,1.0
Saint,Akali,MID,1,1,1.0
Saint,Azir,MID,5,1,0.2
Saint,Ryze,MID,1,1,1.0
SamD,Aphelios,ADC,2,1,0.5
SamD,Varus,ADC,1,0,0.0
SamD,Yunara,ADC,3,3,1.0
Sasi,Ambessa,TOP,14,8,0.5714285714285714
Sasi,Gwen,UNKNOWN,7,5,0.7142857142857143
Sasi,Jax,UNKNOWN,9,3,0.3333333333333333
Sasi,Rumble,UNKNOWN,9,5,0.5555555555555556
Sasi,Udyr,UNKNOWN,8,2,0.25
Sasi,Yorick,UNKNOWN,5,3,0.6
ScaryJerry,Varus,UNKNOWN,5,1,0.2
Scout,Ahri,MID,8,5,0.625
Scout,Akali,MID,1,0,0.0
Scout,Annie,MID,11,9,0.8181818181818182
Scout,Aurora,MID,14,8,0.5714285714285714
Scout,Azir,MID,11,2,0.18181818181818182
Scout,Corki,MID,1,1,1.0
Scout,Galio,MID,11,6,0.5454545454545454
Scout,Hwei,MID,6,3,0.5
Scout,Jayce,MID,2,0,0.0
Scout,Neeko,MID,2,1,0.5
Scout,Orianna,MID,10,6,0.6
Scout,Ryze,MID,13,6,0.4615384615384615
Scout,Sylas,MID,6,4,0.6666666666666666
Scout,Taliyah,MID,21,10,0.47619047619047616
Scout,Viktor,MID,10,5,0.5
Scout,Yone,MID,9,5,0.5555555555555556
SeTab,Ahri,MID,14,5,0.3571428571428571
SeTab,Akali,UNKNOWN,8,3,0.375
SeTab,Annie,UNKNOWN,6,2,0.3333333333333333
SeTab,Aurora,UNKNOWN,11,4,0.3636363636363636
SeTab,Orianna,UNKNOWN,5,0,0.0
SeTab,Ryze,UNKNOWN,8,5,0.625
SeTab,Taliyah,MID,13,5,0.3846153846153846
SeTab,Yone,UNKNOWN,10,3,0.3
Serin,Azir,MID,2,0,0.0
Serin,Cassiopeia,MID,1,0,0.0
Serin,Corki,MID,1,0,0.0
Serin,Jayce,MID,1,0,0.0
Serin,Orianna,MID,1,0,0.0
Serin,Ryze,MID,2,2,1.0
Shad0w,Lillia,UNKNOWN,6,2,0.3333333333333333
Shad0w,Naafiri,UNKNOWN,7,3,0.4285714285714285
Shad0w,Pantheon,JUNGLE,14,5,0.3571428571428571
Shad0w,Sejuani,UNKNOWN,12,3,0.25
Shad0w,Vi,UNKNOWN,10,6,0.6
Shad0w,Xin Zhao,UNKNOWN,10,4,0.4
Shanks,Ahri,MID,1,0,0.0
Shanks,Akali,MID,10,7,0.7
Shanks,Annie,MID,15,12,0.8
Shanks,Aurora,MID,10,7,0.7
Shanks,Azir,MID,22,18,0.8181818181818182
Shanks,Cassiopeia,MID,1,1,1.0
Shanks,Corki,MID,2,2,1.0
Shanks,Galio,MID,17,10,0.5882352941176471
Shanks,Jayce,MID,1,1,1.0
Shanks,Neeko,MID,1,1,1.0
Shanks,Orianna,MID,14,10,0.7142857142857143
Shanks,Qiyana,MID,3,1,0.3333333333333333
Shanks,Ryze,MID,17,10,0.5882352941176471
Shanks,Sylas,MID,7,6,0.8571428571428571
Shanks,Taliyah,MID,13,9,0.6923076923076923
Shanks,Viktor,MID,8,6,0.75
Shanks,Yone,MID,9,3,0.3333333333333333
Shaoye,Aphelios,ADC,1,1,1.0
Shaoye,Ashe,ADC,1,1,1.0
Shaoye,Caitlyn,ADC,1,0,0.0
Shaoye,Draven,ADC,2,2,1.0
Shaoye,Seraphine,ADC,1,1,1.0
Shaoye,Sivir,ADC,1,1,1.0
Shaoye,Varus,ADC,2,0,0.0
Shaoye,Yunara,ADC,1,1,1.0
Sheiden,Sejuani,UNKNOWN,6,2,0.3333333333333333
Sheiden,Vi,UNKNOWN,5,2,0.4
Sheiden,Xin Zhao,UNKNOWN,6,2,0.3333333333333333
Sheo,Jayce,JUNGLE,1,0,0.0
Sheo,Pantheon,JUNGLE,1,0,0.0
Sheo,Sejuani,JUNGLE,11,4,0.3636363636363636
Sheo,Wukong,JUNGLE,7,1,0.14285714285714285
Sheo,Xin Zhao,JUNGLE,5,2,0.4
Shini,Vi,UNKNOWN,5,2,0.4
ShowMaker,Ahri,MID,23,16,0.6956521739130435
ShowMaker,Annie,MID,9,7,0.7777777777777778
ShowMaker,Azir,MID,10,3,0.3
ShowMaker,Corki,MID,1,0,0.0
ShowMaker,Ekko,MID,1,1,1.0
ShowMaker,LeBlanc,MID,1,1,1.0
ShowMaker,Orianna,MID,7,5,0.7142857142857143
ShowMaker,Qiyana,MID,1,0,0.0
ShowMaker,Ryze,MID,18,9,0.5
ShowMaker,Syndra,MID,1,0,0.0
ShowMaker,Taliyah,MID,11,7,0.6363636363636364
ShowMaker,Twisted Fate,MID,5,3,0.6
ShowMaker,Viktor,MID,6,2,0.3333333333333333
ShowMaker,Yone,MID,5,3,0.6
ShowMaker,Zoe,MID,1,0,0.0
Siwoo,Aatrox,TOP,6,3,0.5
Siwoo,Ambessa,TOP,22,10,0.45454545454545453
Siwoo,Aurora,TOP,11,8,0.7272727272727273
Siwoo,Gnar,TOP,8,5,0.625
Siwoo,Gwen,TOP,15,7,0.4666666666666667
Siwoo,Jax,TOP,7,5,0.7142857142857143
Siwoo,Jayce,TOP,11,7,0.6363636363636364
Siwoo,K'Sante,TOP,5,1,0.2
Siwoo,Ornn,TOP,8,4,0.5
Siwoo,Renekton,TOP,6,3,0.5
Siwoo,Rumble,TOP,15,10,0.6666666666666666
Siwoo,Sion,TOP,9,6,0.6666666666666666
Siwoo,Yorick,TOP,5,4,0.8
Siwoo,Zaahen,TOP,1,1,1.0
Skeanz,Ekko,JUNGLE,1,0,0.0
Skeanz,Jayce,JUNGLE,1,0,0.0
Skeanz,Pantheon,JUNGLE,2,1,0.5
Skeanz,Vi,JUNGLE,2,1,0.5
Skeanz,Wukong,JUNGLE,1,0,0.0
SkewMond,Dr. Mundo,JUNGLE,5,3,0.6
SkewMond,Jayce,JUNGLE,1,1,1.0
SkewMond,Maokai,JUNGLE,7,5,0.7142857142857143
SkewMond,Pantheon,JUNGLE,8,7,0.875
SkewMond,Vi,JUNGLE,7,3,0.4285714285714285
SkewMond,Wukong,JUNGLE,7,4,0.5714285714285714
SkewMond,Xin Zhao,JUNGLE,12,8,0.6666666666666666
SkewMond,Zyra,JUNGLE,5,3,0.6
Smash,Corki,ADC,1,0,0.0
Smash,Ezreal,ADC,1,1,1.0
Smash,Kai'Sa,ADC,5,4,0.8
Smash,Lucian,ADC,1,1,1.0
Smash,Sivir,ADC,2,2,1.0
Smash,Varus,ADC,2,1,0.5
Smash,Yunara,ADC,2,1,0.5
Snaker,Ashe,UNKNOWN,5,3,0.6
Snaker,Ezreal,UNKNOWN,6,4,0.6666666666666666
Snaker,Varus,UNKNOWN,5,2,0.4
Sniper,Gnar,UNKNOWN,7,4,0.5714285714285714
Soboro,Ambessa,TOP,3,0,0.0
Soboro,Anivia,TOP,3,2,0.6666666666666666
Soboro,Aurora,TOP,1,0,0.0
Soboro,Gragas,TOP,1,0,0.0
Soboro,Jayce,TOP,1,1,1.0
Soboro,Renekton,TOP,4,1,0.25
Soboro,Rumble,TOP,4,0,0.0
Soboro,Sion,TOP,2,1,0.5
Soboro,Yone,TOP,1,0,0.0
Soboro,Yorick,TOP,1,1,1.0
Soboro,Zaahen,TOP,2,0,0.0
Solokill,Ambessa,UNKNOWN,11,7,0.6363636363636364
Solokill,Gwen,UNKNOWN,8,4,0.5
Solokill,K'Sante,UNKNOWN,6,6,1.0
Solokill,Rumble,UNKNOWN,7,3,0.4285714285714285
Solokill,Sion,UNKNOWN,10,5,0.5
Solokill,Yorick,UNKNOWN,6,1,0.1666666666666666
Sponge,Jarvan IV,JUNGLE,5,1,0.2
Sponge,Jayce,JUNGLE,2,0,0.0
Sponge,Malphite,JUNGLE,1,0,0.0
Sponge,Naafiri,JUNGLE,7,1,0.1428571428571428
Sponge,Nocturne,JUNGLE,1,1,1.0
Sponge,Pantheon,JUNGLE,10,4,0.4
Sponge,Poppy,JUNGLE,5,1,0.2
Sponge,Sejuani,JUNGLE,8,4,0.5
Sponge,Trundle,JUNGLE,6,2,0.3333333333333333
Sponge,Vi,JUNGLE,7,3,0.4285714285714285
Sponge,Viego,JUNGLE,5,2,0.4
Sponge,Wukong,JUNGLE,11,2,0.18181818181818182
Sponge,Xin Zhao,JUNGLE,17,6,0.3529411764705882
Srtty,Aatrox,UNKNOWN,5,1,0.2
Srtty,Rumble,UNKNOWN,5,2,0.4
Starry,Aphelios,ADC,2,0,0.0
Starry,Ashe,ADC,1,1,1.0
Starry,Jhin,ADC,5,1,0.2
Starry,Kai'Sa,ADC,5,2,0.4
Starry,Seraphine,ADC,1,1,1.0
Starry,Varus,ADC,7,1,0.14285714285714285
Starry,Yunara,ADC,2,1,0.5
Stend,Alistar,SUPPORT,1,0,0.0
Stend,Braum,SUPPORT,5,2,0.4
Stend,Leona,SUPPORT,6,2,0.3333333333333333
Stend,Nautilus,SUPPORT,7,3,0.42857142857142855
Stend,Pantheon,SUPPORT,1,0,0.0
Stend,Rakan,SUPPORT,13,5,0.38461538461538464
Stend,Rell,SUPPORT,12,3,0.25
Stend,Thresh,SUPPORT,1,1,1.0
Summit,Ambessa,UNKNOWN,5,2,0.4
Supa,Aphelios,ADC,1,1,1.0
Supa,Corki,ADC,8,8,1.0
Supa,Ezreal,ADC,14,9,0.6428571428571429
Supa,Kai'Sa,ADC,11,5,0.4545454545454545
Supa,Sivir,ADC,8,2,0.25
Supa,Tristana,ADC,6,5,0.8333333333333334
Supa,Varus,ADC,6,3,0.5
Supa,Xayah,ADC,7,5,0.7142857142857143
Supa,Yunara,ADC,3,2,0.6666666666666666
Supa,Zeri,ADC,5,4,0.8
TH Flakked,Corki,UNKNOWN,8,1,0.125
TH Flakked,Ezreal,UNKNOWN,8,3,0.375
TH Flakked,Miss Fortune,UNKNOWN,6,1,0.1666666666666666
TH Flakked,Varus,UNKNOWN,9,5,0.5555555555555556
Taeyoon,Aphelios,ADC,1,0,0.0
Taeyoon,Caitlyn,ADC,7,2,0.2857142857142857
Taeyoon,Corki,ADC,17,5,0.29411764705882354
Taeyoon,Ezreal,ADC,26,8,0.3076923076923077
Taeyoon,Jhin,ADC,10,3,0.3
Taeyoon,Kai'Sa,ADC,20,10,0.5
Taeyoon,Kalista,ADC,2,1,0.5
Taeyoon,Varus,ADC,21,7,0.3333333333333333
Taeyoon,Yunara,ADC,3,2,0.6666666666666666
Taeyoon,Ziggs,ADC,6,1,0.1666666666666666
Tangyuan,Ahri,MID,3,2,0.6666666666666666
Tangyuan,Anivia,MID,1,0,0.0
Tangyuan,Azir,MID,1,0,0.0
Tangyuan,Orianna,MID,1,0,0.0
Tangyuan,Qiyana,MID,1,1,1.0
Tangyuan,Ryze,MID,2,1,0.5
Tangyuan,Syndra,MID,2,2,1.0
Tangyuan,Taliyah,MID,1,1,1.0
Tao,Aatrox,TOP,3,0,0.0
Tao,Rumble,TOP,1,0,0.0
Tao,Zaahen,TOP,1,1,1.0
Targamas,Alistar,UNKNOWN,12,9,0.75
Targamas,Braum,UNKNOWN,9,7,0.7777777777777778
Targamas,Leona,SUPPORT,13,7,0.5384615384615384
Targamas,Nautilus,UNKNOWN,6,3,0.5
Targamas,Rakan,UNKNOWN,10,5,0.5
Targamas,Rell,UNKNOWN,7,7,1.0
Tarzan,Jarvan IV,JUNGLE,7,4,0.5714285714285714
Tarzan,Jayce,JUNGLE,1,1,1.0
Tarzan,Maokai,JUNGLE,6,2,0.3333333333333333
Tarzan,Naafiri,JUNGLE,12,8,0.6666666666666666
Tarzan,Pantheon,JUNGLE,19,15,0.7894736842105263
Tarzan,Poppy,JUNGLE,13,11,0.8461538461538461
Tarzan,Qiyana,JUNGLE,3,1,0.3333333333333333
Tarzan,Sejuani,JUNGLE,7,4,0.5714285714285714
Tarzan,Skarner,JUNGLE,5,4,0.8
Tarzan,Trundle,JUNGLE,10,6,0.6
Tarzan,Vi,JUNGLE,8,6,0.75
Tarzan,Volibear,JUNGLE,5,4,0.8
Tarzan,Wukong,JUNGLE,15,11,0.7333333333333333
Tarzan,Xin Zhao,JUNGLE,23,17,0.7391304347826086
Tatu,Sejuani,UNKNOWN,7,5,0.7142857142857143
Tatu,Skarner,UNKNOWN,10,7,0.7
Tatu,Wukong,UNKNOWN,7,3,0.4285714285714285
Tatu,Xin Zhao,UNKNOWN,10,5,0.5
Teddy,Aphelios,ADC,1,1,1.0
Teddy,Corki,ADC,2,2,1.0
Teddy,Ezreal,ADC,8,1,0.125
Teddy,Jhin,ADC,7,1,0.14285714285714285
Teddy,Kai'Sa,ADC,8,2,0.25
Teddy,Kalista,ADC,1,0,0.0
Teddy,Lucian,ADC,7,2,0.2857142857142857
Teddy,Miss Fortune,ADC,7,1,0.1428571428571428
Teddy,Sivir,ADC,8,3,0.375
Teddy,Tristana,ADC,1,0,0.0
Teddy,Varus,ADC,7,1,0.14285714285714285
Teddy,Yunara,ADC,1,0,0.0
Teddy,Ziggs,ADC,1,0,0.0
Thanatos,Ambessa,TOP,11,6,0.5454545454545454
Thanatos,Aurora,TOP,2,2,1.0
Thanatos,Gnar,TOP,9,5,0.5555555555555556
Thanatos,Gwen,TOP,5,3,0.6
Thanatos,Renekton,TOP,11,7,0.6363636363636364
Thanatos,Rumble,TOP,6,4,0.6666666666666666
TheShy,Ambessa,UNKNOWN,10,5,0.5
TheShy,Aurora,UNKNOWN,10,6,0.6
TheShy,Gwen,UNKNOWN,11,7,0.6363636363636364
TheShy,Jax,UNKNOWN,6,3,0.5
TheShy,Jayce,TOP,13,7,0.5384615384615384
TheShy,Nidalee,UNKNOWN,9,4,0.4444444444444444
TheShy,Ornn,UNKNOWN,12,8,0.6666666666666666
TheShy,Renekton,UNKNOWN,7,4,0.5714285714285714
TheShy,Rumble,TOP,15,10,0.6666666666666666
TheShy,Sion,UNKNOWN,10,8,0.8
TheShy,Yorick,UNKNOWN,10,7,0.7
Tian,Naafiri,UNKNOWN,9,4,0.4444444444444444
Tian,Nocturne,UNKNOWN,5,3,0.6
Tian,Pantheon,JUNGLE,16,8,0.5
Tian,Poppy,UNKNOWN,5,2,0.4
Tian,Sejuani,UNKNOWN,5,2,0.4
Tian,Skarner,JUNGLE,14,6,0.4285714285714285
Tian,Trundle,UNKNOWN,10,4,0.4
Tian,Vi,UNKNOWN,12,6,0.5
Tian,Wukong,UNKNOWN,12,7,0.5833333333333334
Tian,Xin Zhao,JUNGLE,28,12,0.4285714285714285
TitaN,Caitlyn,UNKNOWN,5,4,0.8
TitaN,Corki,UNKNOWN,7,3,0.4285714285714285
TitaN,Ezreal,UNKNOWN,6,3,0.5
TitaN,Lucian,UNKNOWN,5,3,0.6
TitaN,Miss Fortune,UNKNOWN,9,9,1.0
TitaN,Varus,UNKNOWN,7,2,0.2857142857142857
Tomo,Corki,UNKNOWN,5,1,0.2
Tomo,Ezreal,UNKNOWN,8,2,0.25
Tomo,Varus,UNKNOWN,5,1,0.2
Tracyn,Ambessa,TOP,1,1,1.0
Tracyn,Gwen,TOP,1,0,0.0
Tracyn,Jayce,TOP,1,0,0.0
Tracyn,Rumble,TOP,2,0,0.0
Trymbi,Alistar,SUPPORT,6,3,0.5
Trymbi,Bard,SUPPORT,1,0,0.0
Trymbi,Braum,SUPPORT,7,3,0.4285714285714285
Trymbi,Karma,SUPPORT,1,0,0.0
Trymbi,Nami,SUPPORT,1,0,0.0
Trymbi,Nautilus,SUPPORT,5,3,0.6
Trymbi,Neeko,SUPPORT,8,5,0.625
Trymbi,Rakan,SUPPORT,7,5,0.7142857142857143
Trymbi,Rell,SUPPORT,12,6,0.5
Tutsz,Ahri,UNKNOWN,9,5,0.5555555555555556
Tutsz,Aurora,UNKNOWN,5,3,0.6
Tutsz,Azir,UNKNOWN,5,2,0.4
Tutsz,Taliyah,UNKNOWN,8,4,0.5
Ucal,Ahri,MID,1,0,0.0
Ucal,Akali,MID,1,0,0.0
Ucal,Aurora,MID,9,4,0.4444444444444444
Ucal,Azir,MID,6,1,0.1666666666666666
Ucal,Cassiopeia,MID,1,0,0.0
Ucal,Corki,MID,8,4,0.5
Ucal,Neeko,MID,2,1,0.5
Ucal,Orianna,MID,5,2,0.4
Ucal,Ryze,MID,6,3,0.5
Ucal,Syndra,MID,2,1,0.5
Ucal,Taliyah,MID,11,5,0.45454545454545453
Ucal,Viktor,MID,9,3,0.3333333333333333
UmTi,Skarner,UNKNOWN,6,4,0.6666666666666666
UmTi,Xin Zhao,UNKNOWN,7,5,0.7142857142857143
Upset,Aphelios,ADC,1,0,0.0
Upset,Corki,ADC,1,1,1.0
Upset,Ezreal,ADC,11,8,0.7272727272727273
Upset,Kai'Sa,ADC,16,11,0.6875
Upset,Kalista,ADC,6,4,0.6666666666666666
Upset,Miss Fortune,ADC,5,2,0.4
Upset,Varus,ADC,9,7,0.7777777777777778
Upset,Xayah,ADC,9,3,0.3333333333333333
Upset,Yunara,ADC,3,2,0.6666666666666666
Vampire,Alistar,SUPPORT,21,8,0.38095238095238093
Vampire,Bard,SUPPORT,3,2,0.6666666666666666
Vampire,Braum,SUPPORT,13,4,0.3076923076923077
Vampire,Karma,SUPPORT,6,1,0.1666666666666666
Vampire,Leona,SUPPORT,19,9,0.47368421052631576
Vampire,Lulu,SUPPORT,1,0,0.0
Vampire,Nami,SUPPORT,1,0,0.0
Vampire,Nautilus,SUPPORT,27,12,0.4444444444444444
Vampire,Neeko,SUPPORT,12,6,0.5
Vampire,Poppy,SUPPORT,1,0,0.0
Vampire,Rakan,SUPPORT,2,1,0.5
Vampire,Rell,SUPPORT,15,4,0.2666666666666666
Vampire,Renata Glasc,SUPPORT,6,3,0.5
Vampire,Thresh,SUPPORT,1,1,1.0
Velja,Pantheon,JUNGLE,1,1,1.0
Velja,Vi,JUNGLE,1,0,0.0
Velja,Volibear,JUNGLE,2,0,0.0
Velja,Wukong,JUNGLE,1,0,0.0
VicLa,Ahri,MID,7,3,0.42857142857142855
VicLa,Akali,MID,1,0,0.0
VicLa,Annie,MID,7,3,0.4285714285714285
VicLa,Aurora,MID,1,0,0.0
VicLa,Azir,MID,17,7,0.4117647058823529
VicLa,Corki,MID,1,1,1.0
VicLa,Galio,MID,8,1,0.125
VicLa,Jayce,MID,1,1,1.0
VicLa,Neeko,MID,2,1,0.5
VicLa,Orianna,MID,2,1,0.5
VicLa,Qiyana,MID,2,0,0.0
VicLa,Ryze,MID,8,6,0.75
VicLa,Sylas,MID,1,1,1.0
VicLa,Syndra,MID,1,1,1.0
VicLa,Taliyah,MID,19,7,0.3684210526315789
VicLa,Viktor,MID,5,2,0.4
Viper,Aphelios,ADC,2,1,0.5
Viper,Ashe,ADC,8,7,0.875
Viper,Corki,ADC,8,4,0.5
Viper,Ezreal,ADC,11,6,0.5454545454545454
Viper,Jhin,ADC,13,8,0.6153846153846154
Viper,Kai'Sa,ADC,11,10,0.9090909090909092
Viper,Kalista,ADC,9,7,0.7777777777777778
Viper,Lucian,ADC,9,3,0.3333333333333333
Viper,Seraphine,ADC,1,1,1.0
Viper,Sivir,ADC,2,2,1.0
Viper,Varus,ADC,17,10,0.5882352941176471
Viper,Xayah,ADC,12,8,0.6666666666666666
Viper,Yunara,ADC,7,3,0.42857142857142855
Viper,Ziggs,ADC,1,1,1.0
Vladi,Azir,MID,16,10,0.625
Vladi,Corki,MID,8,6,0.75
Vladi,Hwei,MID,5,4,0.8
Vladi,Orianna,MID,1,1,1.0
Vladi,Ryze,MID,7,4,0.5714285714285714
Vladi,Sylas,MID,5,3,0.6
Vladi,Taliyah,MID,11,8,0.7272727272727273
Vladi,Viktor,MID,15,11,0.7333333333333333
Vladi,Yone,MID,7,4,0.5714285714285714
Vulcan,Alistar,SUPPORT,14,9,0.6428571428571429
Vulcan,Bard,SUPPORT,2,2,1.0
Vulcan,Braum,SUPPORT,5,3,0.6
Vulcan,Leona,SUPPORT,5,3,0.6
Vulcan,Neeko,SUPPORT,5,3,0.6
Vulcan,Rakan,SUPPORT,8,6,0.75
Vulcan,Rell,SUPPORT,5,3,0.6
Wako,Ezreal,UNKNOWN,5,1,0.2
Wako,Varus,UNKNOWN,7,4,0.5714285714285714
Way,Rell,UNKNOWN,5,1,0.2
Wei,Jarvan IV,JUNGLE,7,5,0.7142857142857143
Wei,Jayce,JUNGLE,1,1,1.0
Wei,Lillia,JUNGLE,6,3,0.5
Wei,Nocturne,JUNGLE,6,3,0.5
Wei,Pantheon,JUNGLE,7,6,0.8571428571428571
Wei,Poppy,JUNGLE,9,6,0.6666666666666666
Wei,Qiyana,JUNGLE,3,1,0.3333333333333333
Wei,Sejuani,JUNGLE,6,4,0.6666666666666666
Wei,Skarner,JUNGLE,8,3,0.375
Wei,Trundle,JUNGLE,7,4,0.5714285714285714
Wei,Vi,JUNGLE,16,8,0.5
Wei,Wukong,JUNGLE,10,5,0.5
Wei,Xin Zhao,JUNGLE,11,5,0.4545454545454545
Willer,Malphite,JUNGLE,1,1,1.0
Willer,Nocturne,JUNGLE,1,1,1.0
Willer,Pantheon,JUNGLE,2,0,0.0
Willer,Vi,JUNGLE,3,1,0.3333333333333333
Willer,Wukong,JUNGLE,1,0,0.0
Winkk,Alistar,UNKNOWN,6,2,0.3333333333333333
Winkk,Leona,UNKNOWN,6,3,0.5
Winkk,Nautilus,UNKNOWN,8,4,0.5
Winkk,Rakan,UNKNOWN,6,2,0.3333333333333333
Winkk,Rell,UNKNOWN,12,4,0.3333333333333333
Wizer,Ambessa,UNKNOWN,8,3,0.375
Wizer,Gwen,UNKNOWN,8,6,0.75
Wizer,Jax,UNKNOWN,8,6,0.75
Wizer,K'Sante,UNKNOWN,6,3,0.5
Wizer,Rumble,UNKNOWN,9,8,0.8888888888888888
Wunder,Ambessa,TOP,2,0,0.0
Wunder,Jayce,TOP,1,0,0.0
Wunder,Kennen,TOP,1,1,1.0
Wunder,Kled,TOP,1,0,0.0
Wunder,Rumble,TOP,1,1,1.0
Wunder,Yone,TOP,1,1,1.0
XUN,Lillia,UNKNOWN,6,2,0.3333333333333333
XUN,Naafiri,UNKNOWN,10,6,0.6
XUN,Nidalee,UNKNOWN,6,4,0.6666666666666666
XUN,Pantheon,UNKNOWN,8,5,0.625
XUN,Sejuani,UNKNOWN,6,1,0.1666666666666666
XUN,Vi,JUNGLE,13,11,0.8461538461538461
XUN,Xin Zhao,UNKNOWN,10,5,0.5
Xiaohao,Jarvan IV,JUNGLE,5,4,0.8
Xiaohao,Malphite,JUNGLE,1,0,0.0
Xiaohao,Nocturne,JUNGLE,6,3,0.5
Xiaohao,Pantheon,JUNGLE,1,1,1.0
Xiaohao,Trundle,JUNGLE,6,4,0.6666666666666666
Xiaohao,Wukong,JUNGLE,9,6,0.6666666666666666
Xiaohao,Xin Zhao,JUNGLE,17,10,0.5882352941176471
Xiaohu,Ahri,MID,11,5,0.45454545454545453
Xiaohu,Annie,MID,9,5,0.5555555555555556
Xiaohu,Aurora,MID,20,9,0.45
Xiaohu,Azir,MID,9,5,0.5555555555555556
Xiaohu,Cassiopeia,MID,3,2,0.6666666666666666
Xiaohu,Corki,MID,1,0,0.0
Xiaohu,Galio,MID,11,5,0.4545454545454545
Xiaohu,LeBlanc,MID,1,1,1.0
Xiaohu,Neeko,MID,2,2,1.0
Xiaohu,Orianna,MID,14,8,0.5714285714285714
Xiaohu,Qiyana,MID,2,1,0.5
Xiaohu,Ryze,MID,17,9,0.5294117647058824
Xiaohu,Syndra,MID,4,1,0.25
Xiaohu,Taliyah,MID,27,12,0.4444444444444444
Xiaohu,Viktor,MID,10,5,0.5
Xiaohu,Yone,MID,5,1,0.2
Xiaoxia,Alistar,SUPPORT,13,4,0.3076923076923077
Xiaoxia,Braum,SUPPORT,8,4,0.5
Xiaoxia,Leona,SUPPORT,6,1,0.1666666666666666
Xiaoxia,Neeko,SUPPORT,1,0,0.0
Xiaoxia,Rakan,SUPPORT,6,2,0.3333333333333333
Xiaoxia,Rell,SUPPORT,10,3,0.3
Xiaoxia,Seraphine,SUPPORT,1,0,0.0
Xiaoxu,Ambessa,TOP,15,5,0.3333333333333333
Xiaoxu,Anivia,TOP,2,0,0.0
Xiaoxu,Aurora,TOP,1,1,1.0
Xiaoxu,Gnar,TOP,1,1,1.0
Xiaoxu,Gwen,TOP,2,0,0.0
Xiaoxu,Jax,TOP,9,5,0.5555555555555556
Xiaoxu,Jayce,TOP,1,0,0.0
Xiaoxu,K'Sante,TOP,10,4,0.4
Xiaoxu,Malphite,TOP,3,2,0.6666666666666666
Xiaoxu,Ornn,TOP,6,4,0.6666666666666666
Xiaoxu,Poppy,TOP,1,0,0.0
Xiaoxu,Renekton,TOP,11,6,0.5454545454545454
Xiaoxu,Rumble,TOP,14,5,0.35714285714285715
Xiaoxu,Sion,TOP,10,4,0.4
Xiaoxu,Zaahen,TOP,3,2,0.6666666666666666
Xun,Jarvan IV,JUNGLE,5,3,0.6
Xun,Malphite,JUNGLE,3,2,0.6666666666666666
Xun,Nocturne,JUNGLE,2,2,1.0
Xun,Pantheon,JUNGLE,12,6,0.5
Xun,Qiyana,JUNGLE,2,2,1.0
Xun,Vi,JUNGLE,6,2,0.3333333333333333
Xun,Wukong,JUNGLE,10,3,0.3
Xun,Xin Zhao,JUNGLE,6,2,0.3333333333333333
Ycx,Alistar,SUPPORT,5,3,0.6
Ycx,Bard,SUPPORT,1,0,0.0
Ycx,Braum,SUPPORT,10,5,0.5
Ycx,Karma,SUPPORT,1,0,0.0
Ycx,Lulu,SUPPORT,1,1,1.0
Ycx,Nautilus,SUPPORT,11,6,0.5454545454545454
Ycx,Rell,SUPPORT,13,6,0.46153846153846156
Ycx,Seraphine,SUPPORT,1,1,1.0
Yeon,Corki,ADC,1,0,0.0
Yeon,Ezreal,ADC,9,5,0.5555555555555556
Yeon,Jhin,ADC,1,0,0.0
Yeon,Kai'Sa,ADC,11,8,0.7272727272727273
Yeon,Varus,ADC,8,6,0.75
Yike,Maokai,JUNGLE,9,6,0.6666666666666666
Yike,Pantheon,JUNGLE,6,4,0.6666666666666666
Yike,Sejuani,JUNGLE,10,6,0.6
Yike,Skarner,JUNGLE,6,3,0.5
Yike,Vi,JUNGLE,12,9,0.75
Yike,Wukong,JUNGLE,9,6,0.6666666666666666
Yike,Xin Zhao,JUNGLE,13,10,0.7692307692307693
Yukino,Pantheon,JUNGLE,1,0,0.0
Yukino,Vi,JUNGLE,1,0,0.0
Yukino,Wukong,JUNGLE,1,1,1.0
Zdz,Aatrox,TOP,8,4,0.5
Zdz,Ambessa,TOP,12,5,0.4166666666666667
Zdz,Gnar,TOP,2,1,0.5
Zdz,K'Sante,TOP,5,4,0.8
Zdz,Malphite,TOP,1,0,0.0
Zdz,Ornn,TOP,2,2,1.0
Zdz,Poppy,TOP,1,0,0.0
Zdz,Renekton,TOP,9,5,0.5555555555555556
Zdz,Rumble,TOP,7,3,0.4285714285714285
Zdz,Sion,TOP,7,4,0.5714285714285714
Zdz,Zaahen,TOP,3,1,0.3333333333333333
Zeka,Ahri,MID,11,7,0.6363636363636364
Zeka,Akali,MID,1,1,1.0
Zeka,Aurora,MID,11,5,0.45454545454545453
Zeka,Azir,MID,22,14,0.6363636363636364
Zeka,Corki,MID,2,1,0.5
Zeka,Galio,MID,10,6,0.6
Zeka,Orianna,MID,7,5,0.7142857142857143
Zeka,Ryze,MID,8,6,0.75
Zeka,Sylas,MID,10,7,0.7
Zeka,Taliyah,MID,17,9,0.5294117647058824
Zeka,Viktor,MID,7,3,0.4285714285714285
Zeka,Yone,MID,11,9,0.8181818181818182
Zeka,Ziggs,MID,2,1,0.5
Zeus,Aatrox,TOP,11,6,0.5454545454545454
Zeus,Ambessa,TOP,15,5,0.3333333333333333
Zeus,Aurora,TOP,8,4,0.5
Zeus,Gnar,TOP,12,7,0.5833333333333334
Zeus,Gwen,TOP,11,7,0.6363636363636364
Zeus,Jax,TOP,8,6,0.75
Zeus,Jayce,TOP,12,7,0.5833333333333334
Zeus,K'Sante,TOP,9,7,0.7777777777777778
Zeus,Ornn,TOP,5,2,0.4
Zeus,Poppy,TOP,1,0,0.0
Zeus,Renekton,TOP,1,1,1.0
Zeus,Rumble,TOP,14,10,0.7142857142857143
Zeus,Sion,TOP,2,1,0.5
Zeus,Zaahen,TOP,1,0,0.0
Zhuo,Alistar,SUPPORT,8,3,0.375
Zhuo,Bard,SUPPORT,2,1,0.5
Zhuo,Braum,SUPPORT,14,5,0.3571428571428571
Zhuo,Leona,SUPPORT,7,3,0.42857142857142855
Zhuo,Lulu,SUPPORT,3,1,0.3333333333333333
Zhuo,Nami,SUPPORT,1,0,0.0
Zhuo,Nautilus,SUPPORT,10,5,0.5
Zhuo,Neeko,SUPPORT,5,2,0.4
Zhuo,Pantheon,SUPPORT,1,0,0.0
Zhuo,Poppy,SUPPORT,1,1,1.0
Zhuo,Rakan,SUPPORT,13,6,0.46153846153846156
Zhuo,Rell,SUPPORT,11,3,0.2727272727272727
Zhuo,Thresh,SUPPORT,2,2,1.0
Zika,Ambessa,TOP,12,4,0.3333333333333333
Zika,Aurora,TOP,2,0,0.0
Zika,Gnar,TOP,1,1,1.0
Zika,Gwen,TOP,5,1,0.2
Zika,Jax,TOP,2,2,1.0
Zika,K'Sante,TOP,5,1,0.2
Zika,Malphite,TOP,1,1,1.0
Zika,Poppy,TOP,2,2,1.0
Zika,Renekton,TOP,4,1,0.25
Zika,Rumble,TOP,12,4,0.3333333333333333
Zika,Sion,TOP,1,0,0.0
Zika,Zaahen,TOP,1,0,0.0
Zinie,Azir,MID,1,0,0.0
Zinie,Corki,MID,1,0,0.0
Zinie,Neeko,MID,1,0,0.0
Zinie,Ryze,MID,1,0,0.0
Zothve,Ambessa,UNKNOWN,7,2,0.2857142857142857
Zothve,Gwen,UNKNOWN,6,2,0.3333333333333333
Zothve,K'Sante,UNKNOWN,5,2,0.4
Zothve,Rumble,UNKNOWN,6,2,0.3333333333333333
Zven,Corki,ADC,8,6,0.75
Zven,Ezreal,ADC,8,5,0.625
Zven,Senna,ADC,6,2,0.3333333333333333
Zven,Sivir,ADC,2,2,1.0
Zven,Varus,ADC,8,5,0.625
Zven,Ziggs,ADC,5,3,0.6
ceo,Ashe,UNKNOWN,5,1,0.2
ceo,Corki,UNKNOWN,5,3,0.6
ceo,Kai'Sa,UNKNOWN,7,3,0.4285714285714285
climber,Sejuani,UNKNOWN,7,3,0.4285714285714285
climber,Vi,UNKNOWN,6,3,0.5
climber,Wukong,UNKNOWN,6,3,0.5
climber,Xin Zhao,UNKNOWN,8,2,0.25
cody,Ahri,UNKNOWN,6,2,0.3333333333333333
deokdam,Aphelios,ADC,2,1,0.5
deokdam,Ashe,ADC,7,5,0.7142857142857143
deokdam,Cassiopeia,ADC,1,0,0.0
deokdam,Corki,ADC,7,3,0.42857142857142855
deokdam,Ezreal,ADC,14,9,0.6428571428571429
deokdam,Jhin,ADC,16,10,0.625
deokdam,Kalista,ADC,7,4,0.5714285714285714
deokdam,Sivir,ADC,7,1,0.14285714285714285
deokdam,Varus,ADC,11,6,0.5454545454545454
deokdam,Xayah,ADC,8,5,0.625
deokdam,Yunara,ADC,2,0,0.0
deokdam,Ziggs,ADC,8,3,0.375
eXyu,Sejuani,JUNGLE,6,2,0.3333333333333333
eXyu,Vi,JUNGLE,7,1,0.14285714285714285
eXyu,Wukong,JUNGLE,1,0,0.0
eXyu,Xin Zhao,JUNGLE,6,1,0.1666666666666666
fNb,Ambessa,UNKNOWN,6,3,0.5
fNb,Gnar,UNKNOWN,5,2,0.4
fNb,Renekton,UNKNOWN,6,3,0.5
fNb,Rumble,UNKNOWN,8,6,0.75
fNb,Yorick,UNKNOWN,6,4,0.6666666666666666
fengyue,Alistar,SUPPORT,2,1,0.5
fengyue,Bard,SUPPORT,1,0,0.0
fengyue,Leona,SUPPORT,1,0,0.0
fengyue,Lulu,SUPPORT,1,1,1.0
fengyue,Nautilus,SUPPORT,3,1,0.3333333333333333
fengyue,Neeko,SUPPORT,1,0,0.0
fengyue,Pantheon,SUPPORT,4,2,0.5
fengyue,Poppy,SUPPORT,4,3,0.75
fengyue,Rakan,SUPPORT,1,1,1.0
fengyue,Rell,SUPPORT,5,1,0.2
frostyy,Bard,UNKNOWN,8,4,0.5
frostyy,Leona,UNKNOWN,8,4,0.5
frostyy,Neeko,UNKNOWN,6,4,0.6666666666666666
frostyy,Rakan,UNKNOWN,11,5,0.4545454545454545
frostyy,Rell,SUPPORT,13,8,0.6153846153846154
haichao,Akali,MID,1,0,0.0
haichao,Anivia,MID,1,0,0.0
haichao,Azir,MID,2,0,0.0
haichao,Neeko,MID,1,0,0.0
haichao,Qiyana,MID,1,0,0.0
haichao,Sylas,MID,1,1,1.0
haichao,Taliyah,MID,3,1,0.3333333333333333
haichao,Viktor,MID,1,0,0.0
huhi,Alistar,SUPPORT,1,1,1.0
huhi,Leona,SUPPORT,5,0,0.0
huhi,Nami,SUPPORT,1,0,0.0
huhi,Rakan,SUPPORT,6,1,0.1666666666666666
huhi,Rell,SUPPORT,1,0,0.0
iyy,Wukong,UNKNOWN,5,1,0.2
knight,Ahri,UNKNOWN,8,5,0.625
knight,Akali,UNKNOWN,5,3,0.6
knight,Aurora,UNKNOWN,7,4,0.5714285714285714
knight,Galio,UNKNOWN,6,4,0.6666666666666666
knight,Ryze,UNKNOWN,5,1,0.2
knight,Sylas,UNKNOWN,8,5,0.625
knight,Taliyah,MID,13,8,0.6153846153846154
knight,Yone,UNKNOWN,11,7,0.6363636363636364
kyeahoo,Aurora,MID,5,2,0.4
kyeahoo,Azir,MID,4,4,1.0
kyeahoo,Ryze,MID,8,4,0.5
kyeahoo,Taliyah,MID,7,1,0.14285714285714285
milkyyway,Vi,UNKNOWN,6,2,0.3333333333333333
milkyyway,Xin Zhao,UNKNOWN,6,2,0.3333333333333333
naiyou,Pantheon,JUNGLE,4,2,0.5
naiyou,Skarner,JUNGLE,5,4,0.8
naiyou,Sylas,JUNGLE,2,0,0.0
naiyou,Trundle,JUNGLE,3,0,0.0
naiyou,Vi,JUNGLE,9,7,0.7777777777777778
naiyou,Viego,JUNGLE,6,5,0.8333333333333334
naiyou,Wukong,JUNGLE,8,5,0.625
nuc,Aurora,MID,1,1,1.0
nuc,Azir,MID,7,1,0.14285714285714285
nuc,Cassiopeia,MID,1,1,1.0
nuc,Corki,MID,2,1,0.5
nuc,Jayce,MID,5,3,0.6
nuc,Neeko,MID,2,1,0.5
nuc,Orianna,MID,6,2,0.3333333333333333
nuc,Ryze,MID,1,1,1.0
nuc,Swain,MID,1,0,0.0
nuc,Taliyah,MID,8,2,0.25
nuc,Viktor,MID,11,4,0.3636363636363636
ppgod,Alistar,UNKNOWN,11,4,0.3636363636363636
ppgod,Braum,UNKNOWN,5,1,0.2
ppgod,Leona,UNKNOWN,11,5,0.4545454545454545
ppgod,Nautilus,UNKNOWN,8,1,0.125
ppgod,Neeko,UNKNOWN,7,2,0.2857142857142857
ppgod,Rakan,UNKNOWN,7,4,0.5714285714285714
ppgod,Rell,UNKNOWN,9,3,0.3333333333333333
sajed,Sivir,ADC,1,1,1.0
sajed,Yunara,ADC,1,1,1.0
sasi,Ambessa,TOP,3,2,0.6666666666666666
sasi,Anivia,TOP,1,0,0.0
sasi,Gwen,TOP,1,1,1.0
sasi,Jax,TOP,2,2,1.0
sasi,Zaahen,TOP,1,0,0.0
shad0w,Pantheon,UNKNOWN,5,3,0.6
shad0w,Sejuani,UNKNOWN,5,4,0.8
shad0w,Trundle,UNKNOWN,7,5,0.7142857142857143
shad0w,Xin Zhao,UNKNOWN,8,5,0.625
shanji,Ambessa,UNKNOWN,8,3,0.375
shanji,Gwen,UNKNOWN,5,3,0.6
shanji,Sion,UNKNOWN,7,3,0.4285714285714285
sheer,Ambessa,TOP,11,2,0.1818181818181818
sheer,Aurora,TOP,1,0,0.0
sheer,Gnar,TOP,9,3,0.3333333333333333
sheer,Gwen,TOP,18,6,0.3333333333333333
sheer,Jax,TOP,5,2,0.4
sheer,Jayce,TOP,6,1,0.1666666666666666
sheer,K'Sante,TOP,8,2,0.25
sheer,Ornn,TOP,5,1,0.2
sheer,Poppy,TOP,1,1,1.0
sheer,Renekton,TOP,2,1,0.5
sheer,Rumble,TOP,17,5,0.29411764705882354
sheer,Sion,TOP,15,6,0.4
sheer,Yorick,TOP,6,2,0.3333333333333333
tinowns,Ahri,UNKNOWN,5,3,0.6
tinowns,Azir,UNKNOWN,6,2,0.3333333333333333
tinowns,Taliyah,UNKNOWN,6,3,0.5
xiaofang,Pantheon,UNKNOWN,5,2,0.4
xqw,Azir,UNKNOWN,11,4,0.3636363636363636
xqw,Galio,UNKNOWN,5,3,0.6
xqw,Ryze,UNKNOWN,6,4,0.6666666666666666
xqw,Taliyah,UNKNOWN,8,4,0.5
xqw,Yone,UNKNOWN,10,4,0.4
yaoyao,Alistar,SUPPORT,1,1,1.0
yaoyao,Braum,SUPPORT,3,2,0.6666666666666666
yaoyao,Karma,SUPPORT,1,1,1.0
yaoyao,Leona,SUPPORT,1,1,1.0
yaoyao,Lulu,SUPPORT,1,1,1.0
yaoyao,Nami,SUPPORT,1,1,1.0
yaoyao,Nautilus,SUPPORT,1,0,0.0
yaoyao,Rakan,SUPPORT,2,1,0.5
yaoyao,Rell,SUPPORT,1,1,1.0
