team_name,champion_name,bans_against,total_games,ban_rate
AL,Jarvan IV,10,21,0.47619047619047616
AL,Malphite,9,21,0.42857142857142855
AL,Jayce,9,21,0.42857142857142855
AL,Neeko,8,21,0.38095238095238093
AL,Poppy,7,21,0.3333333333333333
AL,Bard,6,21,0.2857142857142857
AL,Rumble,5,21,0.23809523809523808
AL,Cassiopeia,5,21,0.23809523809523808
AL,Sylas,4,21,0.19047619047619047
AL,Orianna,4,21,0.19047619047619047
AL,Sion,3,21,0.14285714285714285
AL,Varus,3,21,0.14285714285714285
AL,Wukong,2,21,0.09523809523809523
AL,Ambessa,2,21,0.09523809523809523
AL,K'Sante,2,21,0.09523809523809523
AL,Rakan,2,21,0.09523809523809523
AL,Xin Zhao,2,21,0.09523809523809523
AL,Pantheon,2,21,0.09523809523809523
AL,Rek'Sai,2,21,0.09523809523809523
AL,Yunara,2,21,0.09523809523809523
AL,Nautilus,1,21,0.047619047619047616
AL,Vi,1,21,0.047619047619047616
AL,Kai'Sa,1,21,0.047619047619047616
AL,Corki,1,21,0.047619047619047616
AL,Lulu,1,21,0.047619047619047616
AL,Aphelios,1,21,0.047619047619047616
AL,Miss Fortune,1,21,0.047619047619047616
AL,Leona,1,21,0.047619047619047616
AL,Sivir,1,21,0.047619047619047616
AL,Jinx,1,21,0.047619047619047616
AL,Gwen,1,21,0.047619047619047616
AL,Alistar,1,21,0.047619047619047616
AL,Nami,1,21,0.047619047619047616
AL,Trundle,1,21,0.047619047619047616
AL,Jhin,1,21,0.047619047619047616
AL,Anivia,1,21,0.047619047619047616
BFX,Rumble,5,14,0.35714285714285715
BFX,Neeko,5,14,0.35714285714285715
BFX,Malphite,5,14,0.35714285714285715
BFX,Pantheon,5,14,0.35714285714285715
BFX,Ambessa,4,14,0.2857142857142857
BFX,Jayce,4,14,0.2857142857142857
BFX,Akali,4,14,0.2857142857142857
BFX,Varus,3,14,0.21428571428571427
BFX,Vi,2,14,0.14285714285714285
BFX,Azir,2,14,0.14285714285714285
BFX,LeBlanc,2,14,0.14285714285714285
BFX,Sion,2,14,0.14285714285714285
BFX,Bard,2,14,0.14285714285714285
BFX,Yunara,2,14,0.14285714285714285
BFX,Leona,2,14,0.14285714285714285
BFX,Ezreal,2,14,0.14285714285714285
BFX,Gwen,2,14,0.14285714285714285
BFX,Sylas,1,14,0.07142857142857142
BFX,Dr. Mundo,1,14,0.07142857142857142
BFX,Gnar,1,14,0.07142857142857142
BFX,Lucian,1,14,0.07142857142857142
BFX,Jarvan IV,1,14,0.07142857142857142
BFX,Cassiopeia,1,14,0.07142857142857142
BFX,Syndra,1,14,0.07142857142857142
BFX,Kalista,1,14,0.07142857142857142
BFX,Aphelios,1,14,0.07142857142857142
BFX,Taliyah,1,14,0.07142857142857142
BFX,Jax,1,14,0.07142857142857142
BFX,Aurora,1,14,0.07142857142857142
BFX,Rek'Sai,1,14,0.07142857142857142
BFX,Nautilus,1,14,0.07142857142857142
BFX,Nocturne,1,14,0.07142857142857142
BFX,Karma,1,14,0.07142857142857142
BFX,Alistar,1,14,0.07142857142857142
BLG,Jayce,11,20,0.55
BLG,Karma,6,20,0.3
BLG,Poppy,5,20,0.25
BLG,Orianna,5,20,0.25
BLG,Akali,5,20,0.25
BLG,Neeko,5,20,0.25
BLG,Malphite,4,20,0.2
BLG,Yunara,4,20,0.2
BLG,Renekton,3,20,0.15
BLG,Ambessa,3,20,0.15
BLG,Pantheon,3,20,0.15
BLG,Varus,3,20,0.15
BLG,Rumble,2,20,0.1
BLG,Lucian,2,20,0.1
BLG,Sivir,2,20,0.1
BLG,Wukong,2,20,0.1
BLG,Sion,2,20,0.1
BLG,Alistar,2,20,0.1
BLG,Aphelios,2,20,0.1
BLG,Bard,2,20,0.1
BLG,Azir,2,20,0.1
BLG,Nocturne,2,20,0.1
BLG,Gwen,2,20,0.1
BLG,Ezreal,2,20,0.1
BLG,Ashe,2,20,0.1
BLG,Jarvan IV,2,20,0.1
BLG,Syndra,1,20,0.05
BLG,Kai'Sa,1,20,0.05
BLG,Xayah,1,20,0.05
BLG,Vi,1,20,0.05
BLG,Ryze,1,20,0.05
BLG,Gnar,1,20,0.05
BLG,Braum,1,20,0.05
BLG,Renata Glasc,1,20,0.05
BLG,Sylas,1,20,0.05
BLG,Lulu,1,20,0.05
BLG,Cassiopeia,1,20,0.05
BLG,Zaahen,1,20,0.05
BLG,Corki,1,20,0.05
BLG,Galio,1,20,0.05
BLG,Aurora,1,20,0.05
BRO,Jayce,9,15,0.6
BRO,Rumble,8,15,0.5333333333333333
BRO,Varus,6,15,0.4
BRO,Neeko,5,15,0.3333333333333333
BRO,Malphite,5,15,0.3333333333333333
BRO,Nautilus,3,15,0.2
BRO,Poppy,3,15,0.2
BRO,Corki,3,15,0.2
BRO,Aphelios,3,15,0.2
BRO,Vi,2,15,0.13333333333333333
BRO,Gwen,2,15,0.13333333333333333
BRO,Orianna,2,15,0.13333333333333333
BRO,Kennen,2,15,0.13333333333333333
BRO,Nocturne,2,15,0.13333333333333333
BRO,Azir,1,15,0.06666666666666667
BRO,Rakan,1,15,0.06666666666666667
BRO,Yunara,1,15,0.06666666666666667
BRO,Jarvan IV,1,15,0.06666666666666667
BRO,Akali,1,15,0.06666666666666667
BRO,LeBlanc,1,15,0.06666666666666667
BRO,Bard,1,15,0.06666666666666667
BRO,Cassiopeia,1,15,0.06666666666666667
BRO,Trundle,1,15,0.06666666666666667
BRO,Renekton,1,15,0.06666666666666667
BRO,Wukong,1,15,0.06666666666666667
BRO,Ahri,1,15,0.06666666666666667
BRO,Alistar,1,15,0.06666666666666667
BRO,Elise,1,15,0.06666666666666667
BRO,Jax,1,15,0.06666666666666667
BRO,Zoe,1,15,0.06666666666666667
BRO,Lucian,1,15,0.06666666666666667
BRO,Lulu,1,15,0.06666666666666667
BRO,Miss Fortune,1,15,0.06666666666666667
BRO,Caitlyn,1,15,0.06666666666666667
C9,Ziggs,4,4,1.0
C9,Jayce,3,4,0.75
C9,Varus,2,4,0.5
C9,Yunara,1,4,0.25
C9,Alistar,1,4,0.25
C9,Malphite,1,4,0.25
C9,Ambessa,1,4,0.25
C9,Karma,1,4,0.25
C9,Cassiopeia,1,4,0.25
C9,Rumble,1,4,0.25
C9,Gnar,1,4,0.25
C9,Gwen,1,4,0.25
C9,Bard,1,4,0.25
C9,Xayah,1,4,0.25
DIG,Jayce,2,4,0.5
DIG,Ezreal,2,4,0.5
DIG,Neeko,1,4,0.25
DIG,Jhin,1,4,0.25
DIG,Poppy,1,4,0.25
DIG,Malphite,1,4,0.25
DIG,Azir,1,4,0.25
DIG,Ziggs,1,4,0.25
DIG,Gwen,1,4,0.25
DIG,Gnar,1,4,0.25
DIG,Taliyah,1,4,0.25
DIG,Akali,1,4,0.25
DIG,Varus,1,4,0.25
DIG,Nami,1,4,0.25
DIG,Rumble,1,4,0.25
DIG,Ambessa,1,4,0.25
DIG,Zaahen,1,4,0.25
DIG,Olaf,1,4,0.25
DK,Malphite,8,11,0.7272727272727273
DK,Qiyana,3,11,0.2727272727272727
DK,Jayce,3,11,0.2727272727272727
DK,LeBlanc,3,11,0.2727272727272727
DK,Neeko,3,11,0.2727272727272727
DK,Vi,3,11,0.2727272727272727
DK,Lucian,2,11,0.18181818181818182
DK,Nautilus,2,11,0.18181818181818182
DK,Yunara,2,11,0.18181818181818182
DK,Ahri,2,11,0.18181818181818182
DK,Orianna,2,11,0.18181818181818182
DK,K'Sante,2,11,0.18181818181818182
DK,Varus,2,11,0.18181818181818182
DK,Nami,2,11,0.18181818181818182
DK,Gwen,2,11,0.18181818181818182
DK,Akali,1,11,0.09090909090909091
DK,Kalista,1,11,0.09090909090909091
DK,Cassiopeia,1,11,0.09090909090909091
DK,Jarvan IV,1,11,0.09090909090909091
DK,Bard,1,11,0.09090909090909091
DK,Karma,1,11,0.09090909090909091
DK,Renekton,1,11,0.09090909090909091
DK,Poppy,1,11,0.09090909090909091
DK,Sion,1,11,0.09090909090909091
DK,Rumble,1,11,0.09090909090909091
DK,Ornn,1,11,0.09090909090909091
DK,Rek'Sai,1,11,0.09090909090909091
DK,Lulu,1,11,0.09090909090909091
DK,Twisted Fate,1,11,0.09090909090909091
DNS,Malphite,6,12,0.5
DNS,Varus,4,12,0.3333333333333333
DNS,Rumble,4,12,0.3333333333333333
DNS,K'Sante,4,12,0.3333333333333333
DNS,Neeko,3,12,0.25
DNS,Nautilus,3,12,0.25
DNS,Nocturne,3,12,0.25
DNS,Azir,2,12,0.16666666666666666
DNS,Orianna,2,12,0.16666666666666666
DNS,Akali,2,12,0.16666666666666666
DNS,Gnar,2,12,0.16666666666666666
DNS,Vi,2,12,0.16666666666666666
DNS,Pantheon,2,12,0.16666666666666666
DNS,Yunara,2,12,0.16666666666666666
DNS,Jayce,2,12,0.16666666666666666
DNS,Alistar,2,12,0.16666666666666666
DNS,Sylas,2,12,0.16666666666666666
DNS,Jhin,1,12,0.08333333333333333
DNS,Ezreal,1,12,0.08333333333333333
DNS,Sivir,1,12,0.08333333333333333
DNS,Jarvan IV,1,12,0.08333333333333333
DNS,Wukong,1,12,0.08333333333333333
DNS,Rell,1,12,0.08333333333333333
DNS,Bard,1,12,0.08333333333333333
DNS,Gwen,1,12,0.08333333333333333
DNS,Renekton,1,12,0.08333333333333333
DNS,Jax,1,12,0.08333333333333333
DNS,Lee Sin,1,12,0.08333333333333333
DNS,Zoe,1,12,0.08333333333333333
DNS,Zaahen,1,12,0.08333333333333333
DRX,Malphite,8,16,0.5
DRX,Jayce,6,16,0.375
DRX,Varus,5,16,0.3125
DRX,Bard,5,16,0.3125
DRX,Rumble,5,16,0.3125
DRX,Corki,4,16,0.25
DRX,Neeko,3,16,0.1875
DRX,Vi,3,16,0.1875
DRX,Kennen,3,16,0.1875
DRX,Ambessa,3,16,0.1875
DRX,Azir,3,16,0.1875
DRX,Lucian,3,16,0.1875
DRX,Lulu,2,16,0.125
DRX,Karma,2,16,0.125
DRX,Akali,2,16,0.125
DRX,Rakan,2,16,0.125
DRX,Nocturne,2,16,0.125
DRX,Sylas,1,16,0.0625
DRX,Sivir,1,16,0.0625
DRX,Jarvan IV,1,16,0.0625
DRX,Renekton,1,16,0.0625
DRX,Rek'Sai,1,16,0.0625
DRX,Nami,1,16,0.0625
DRX,K'Sante,1,16,0.0625
DRX,Poppy,1,16,0.0625
DRX,Nautilus,1,16,0.0625
DRX,Miss Fortune,1,16,0.0625
DRX,Ashe,1,16,0.0625
DRX,Sion,1,16,0.0625
DRX,Ahri,1,16,0.0625
DRX,Aurora,1,16,0.0625
DRX,Ziggs,1,16,0.0625
DRX,Galio,1,16,0.0625
DRX,Twisted Fate,1,16,0.0625
DRX,LeBlanc,1,16,0.0625
DRX,Lee Sin,1,16,0.0625
DSG,Nautilus,3,6,0.5
DSG,Jarvan IV,3,6,0.5
DSG,Pantheon,3,6,0.5
DSG,Nocturne,2,6,0.3333333333333333
DSG,Varus,2,6,0.3333333333333333
DSG,Ryze,2,6,0.3333333333333333
DSG,Akali,2,6,0.3333333333333333
DSG,Vi,1,6,0.16666666666666666
DSG,Lucian,1,6,0.16666666666666666
DSG,Orianna,1,6,0.16666666666666666
DSG,Rumble,1,6,0.16666666666666666
DSG,Lulu,1,6,0.16666666666666666
DSG,Ziggs,1,6,0.16666666666666666
DSG,Miss Fortune,1,6,0.16666666666666666
DSG,Bard,1,6,0.16666666666666666
DSG,Renekton,1,6,0.16666666666666666
DSG,Yunara,1,6,0.16666666666666666
DSG,Gwen,1,6,0.16666666666666666
DSG,Neeko,1,6,0.16666666666666666
DSG,Viktor,1,6,0.16666666666666666
EDG,Aphelios,7,13,0.5384615384615384
EDG,Jayce,6,13,0.46153846153846156
EDG,Varus,5,13,0.38461538461538464
EDG,Orianna,4,13,0.3076923076923077
EDG,Lulu,3,13,0.23076923076923078
EDG,Malphite,3,13,0.23076923076923078
EDG,Xin Zhao,3,13,0.23076923076923078
EDG,Neeko,2,13,0.15384615384615385
EDG,Wukong,2,13,0.15384615384615385
EDG,Gnar,2,13,0.15384615384615385
EDG,Sylas,2,13,0.15384615384615385
EDG,Vi,2,13,0.15384615384615385
EDG,Sivir,2,13,0.15384615384615385
EDG,Anivia,2,13,0.15384615384615385
EDG,Renekton,2,13,0.15384615384615385
EDG,Rell,1,13,0.07692307692307693
EDG,Kai'Sa,1,13,0.07692307692307693
EDG,Alistar,1,13,0.07692307692307693
EDG,Zaahen,1,13,0.07692307692307693
EDG,Poppy,1,13,0.07692307692307693
EDG,Ezreal,1,13,0.07692307692307693
EDG,Lucian,1,13,0.07692307692307693
EDG,Jhin,1,13,0.07692307692307693
EDG,Miss Fortune,1,13,0.07692307692307693
EDG,Syndra,1,13,0.07692307692307693
EDG,Braum,1,13,0.07692307692307693
EDG,Ahri,1,13,0.07692307692307693
EDG,Dr. Mundo,1,13,0.07692307692307693
EDG,Malzahar,1,13,0.07692307692307693
EDG,Bard,1,13,0.07692307692307693
EDG,Nocturne,1,13,0.07692307692307693
EDG,Ambessa,1,13,0.07692307692307693
EDG,Karma,1,13,0.07692307692307693
FLY,Jayce,4,5,0.8
FLY,Ambessa,3,5,0.6
FLY,Varus,3,5,0.6
FLY,Cassiopeia,2,5,0.4
FLY,Rumble,2,5,0.4
FLY,Lucian,2,5,0.4
FLY,Gwen,1,5,0.2
FLY,Rakan,1,5,0.2
FLY,Vi,1,5,0.2
FLY,Pantheon,1,5,0.2
FLY,Nocturne,1,5,0.2
FLY,Neeko,1,5,0.2
FLY,Xin Zhao,1,5,0.2
FLY,Dr. Mundo,1,5,0.2
FLY,Lulu,1,5,0.2
FNC,Jayce,4,6,0.6666666666666666
FNC,Azir,3,6,0.5
FNC,Poppy,3,6,0.5
FNC,Vi,3,6,0.5
FNC,Varus,3,6,0.5
FNC,Orianna,2,6,0.3333333333333333
FNC,Rumble,2,6,0.3333333333333333
FNC,Malphite,2,6,0.3333333333333333
FNC,Jax,1,6,0.16666666666666666
FNC,Sivir,1,6,0.16666666666666666
FNC,Kai'Sa,1,6,0.16666666666666666
FNC,Jarvan IV,1,6,0.16666666666666666
FNC,Wukong,1,6,0.16666666666666666
FNC,Qiyana,1,6,0.16666666666666666
FNC,Neeko,1,6,0.16666666666666666
FNC,Rakan,1,6,0.16666666666666666
G2,Dr. Mundo,3,6,0.5
G2,Jayce,3,6,0.5
G2,Malphite,2,6,0.3333333333333333
G2,Nami,2,6,0.3333333333333333
G2,Bard,2,6,0.3333333333333333
G2,Azir,2,6,0.3333333333333333
G2,Nautilus,2,6,0.3333333333333333
G2,Varus,2,6,0.3333333333333333
G2,Jarvan IV,2,6,0.3333333333333333
G2,Kled,1,6,0.16666666666666666
G2,Braum,1,6,0.16666666666666666
G2,Poppy,1,6,0.16666666666666666
G2,Ryze,1,6,0.16666666666666666
G2,Orianna,1,6,0.16666666666666666
G2,Sivir,1,6,0.16666666666666666
G2,Pantheon,1,6,0.16666666666666666
G2,Anivia,1,6,0.16666666666666666
G2,Yunara,1,6,0.16666666666666666
G2,Rakan,1,6,0.16666666666666666
GEN,Jayce,7,11,0.6363636363636364
GEN,Poppy,5,11,0.45454545454545453
GEN,Malphite,4,11,0.36363636363636365
GEN,Rumble,3,11,0.2727272727272727
GEN,Nautilus,3,11,0.2727272727272727
GEN,Azir,3,11,0.2727272727272727
GEN,Ambessa,3,11,0.2727272727272727
GEN,Sion,2,11,0.18181818181818182
GEN,Lulu,2,11,0.18181818181818182
GEN,Varus,2,11,0.18181818181818182
GEN,Lucian,2,11,0.18181818181818182
GEN,Ezreal,2,11,0.18181818181818182
GEN,K'Sante,1,11,0.09090909090909091
GEN,Rakan,1,11,0.09090909090909091
GEN,Bard,1,11,0.09090909090909091
GEN,Neeko,1,11,0.09090909090909091
GEN,Cassiopeia,1,11,0.09090909090909091
GEN,Xin Zhao,1,11,0.09090909090909091
GEN,Gwen,1,11,0.09090909090909091
GEN,Vi,1,11,0.09090909090909091
GEN,Yunara,1,11,0.09090909090909091
GEN,Renekton,1,11,0.09090909090909091
GEN,Aurora,1,11,0.09090909090909091
GEN,Blitzcrank,1,11,0.09090909090909091
GEN,Orianna,1,11,0.09090909090909091
GEN,Taliyah,1,11,0.09090909090909091
GEN,Akali,1,11,0.09090909090909091
GEN,Ryze,1,11,0.09090909090909091
GEN,Wukong,1,11,0.09090909090909091
GX,Neeko,5,6,0.8333333333333334
GX,Orianna,3,6,0.5
GX,Varus,2,6,0.3333333333333333
GX,Rumble,2,6,0.3333333333333333
GX,Gnar,2,6,0.3333333333333333
GX,Jarvan IV,2,6,0.3333333333333333
GX,Nidalee,1,6,0.16666666666666666
GX,Sion,1,6,0.16666666666666666
GX,Jhin,1,6,0.16666666666666666
GX,Jayce,1,6,0.16666666666666666
GX,Gwen,1,6,0.16666666666666666
GX,Poppy,1,6,0.16666666666666666
GX,Xin Zhao,1,6,0.16666666666666666
GX,Bard,1,6,0.16666666666666666
GX,Jax,1,6,0.16666666666666666
GX,Akali,1,6,0.16666666666666666
GX,Yone,1,6,0.16666666666666666
GX,Vi,1,6,0.16666666666666666
GX,Kai'Sa,1,6,0.16666666666666666
GX,Aurora,1,6,0.16666666666666666
HLE,Jayce,10,14,0.7142857142857143
HLE,Rumble,7,14,0.5
HLE,Ambessa,6,14,0.42857142857142855
HLE,Varus,5,14,0.35714285714285715
HLE,Malphite,4,14,0.2857142857142857
HLE,Rell,3,14,0.21428571428571427
HLE,Nautilus,3,14,0.21428571428571427
HLE,Gnar,3,14,0.21428571428571427
HLE,Azir,2,14,0.14285714285714285
HLE,Yone,2,14,0.14285714285714285
HLE,Ashe,2,14,0.14285714285714285
HLE,Alistar,2,14,0.14285714285714285
HLE,Aphelios,2,14,0.14285714285714285
HLE,Poppy,2,14,0.14285714285714285
HLE,Kalista,2,14,0.14285714285714285
HLE,Gwen,1,14,0.07142857142857142
HLE,Renata Glasc,1,14,0.07142857142857142
HLE,Yunara,1,14,0.07142857142857142
HLE,Xin Zhao,1,14,0.07142857142857142
HLE,Jarvan IV,1,14,0.07142857142857142
HLE,Rakan,1,14,0.07142857142857142
HLE,Aurora,1,14,0.07142857142857142
HLE,Ryze,1,14,0.07142857142857142
HLE,Lulu,1,14,0.07142857142857142
HLE,Anivia,1,14,0.07142857142857142
HLE,Galio,1,14,0.07142857142857142
HLE,Qiyana,1,14,0.07142857142857142
HLE,Nami,1,14,0.07142857142857142
HLE,Bard,1,14,0.07142857142857142
HLE,Sivir,1,14,0.07142857142857142
IG,Malphite,8,20,0.4
IG,Akali,6,20,0.3
IG,Jarvan IV,6,20,0.3
IG,LeBlanc,5,20,0.25
IG,Jayce,5,20,0.25
IG,Varus,5,20,0.25
IG,Ambessa,4,20,0.2
IG,Syndra,4,20,0.2
IG,Sylas,4,20,0.2
IG,Orianna,4,20,0.2
IG,Wukong,4,20,0.2
IG,Neeko,4,20,0.2
IG,Yunara,4,20,0.2
IG,Poppy,3,20,0.15
IG,Pantheon,3,20,0.15
IG,Ahri,3,20,0.15
IG,Kai'Sa,3,20,0.15
IG,Rumble,2,20,0.1
IG,Xin Zhao,2,20,0.1
IG,Qiyana,2,20,0.1
IG,Nocturne,2,20,0.1
IG,Vi,2,20,0.1
IG,Miss Fortune,1,20,0.05
IG,Leona,1,20,0.05
IG,Kennen,1,20,0.05
IG,Rell,1,20,0.05
IG,Gwen,1,20,0.05
IG,Nautilus,1,20,0.05
IG,Alistar,1,20,0.05
IG,Rakan,1,20,0.05
IG,Aurora,1,20,0.05
IG,Cassiopeia,1,20,0.05
IG,Dr. Mundo,1,20,0.05
IG,Yone,1,20,0.05
IG,Taliyah,1,20,0.05
IG,Sivir,1,20,0.05
IG,Anivia,1,20,0.05
JDG,Malphite,8,21,0.38095238095238093
JDG,Varus,7,21,0.3333333333333333
JDG,Neeko,7,21,0.3333333333333333
JDG,Jayce,5,21,0.23809523809523808
JDG,Rumble,5,21,0.23809523809523808
JDG,Orianna,5,21,0.23809523809523808
JDG,Jarvan IV,5,21,0.23809523809523808
JDG,Ryze,4,21,0.19047619047619047
JDG,Jax,4,21,0.19047619047619047
JDG,Poppy,3,21,0.14285714285714285
JDG,Zaahen,3,21,0.14285714285714285
JDG,Ambessa,3,21,0.14285714285714285
JDG,Aurora,3,21,0.14285714285714285
JDG,Vi,3,21,0.14285714285714285
JDG,Yunara,3,21,0.14285714285714285
JDG,Sylas,3,21,0.14285714285714285
JDG,Aphelios,3,21,0.14285714285714285
JDG,Kai'Sa,2,21,0.09523809523809523
JDG,Nautilus,2,21,0.09523809523809523
JDG,Bard,2,21,0.09523809523809523
JDG,Gnar,2,21,0.09523809523809523
JDG,Rakan,2,21,0.09523809523809523
JDG,K'Sante,2,21,0.09523809523809523
JDG,Sion,2,21,0.09523809523809523
JDG,Sivir,2,21,0.09523809523809523
JDG,Qiyana,1,21,0.047619047619047616
JDG,Wukong,1,21,0.047619047619047616
JDG,Alistar,1,21,0.047619047619047616
JDG,Thresh,1,21,0.047619047619047616
JDG,Cassiopeia,1,21,0.047619047619047616
JDG,Nocturne,1,21,0.047619047619047616
JDG,Renekton,1,21,0.047619047619047616
JDG,Yone,1,21,0.047619047619047616
JDG,Akali,1,21,0.047619047619047616
JDG,Lulu,1,21,0.047619047619047616
JDG,Dr. Mundo,1,21,0.047619047619047616
JDG,Karma,1,21,0.047619047619047616
JDG,Ashe,1,21,0.047619047619047616
JDG,Viktor,1,21,0.047619047619047616
JDG,Zeri,1,21,0.047619047619047616
KC,Jayce,4,6,0.6666666666666666
KC,Rumble,4,6,0.6666666666666666
KC,Varus,4,6,0.6666666666666666
KC,Orianna,3,6,0.5
KC,Braum,2,6,0.3333333333333333
KC,Corki,1,6,0.16666666666666666
KC,Sivir,1,6,0.16666666666666666
KC,Neeko,1,6,0.16666666666666666
KC,Malphite,1,6,0.16666666666666666
KC,Nautilus,1,6,0.16666666666666666
KC,Alistar,1,6,0.16666666666666666
KC,Ambessa,1,6,0.16666666666666666
KC,K'Sante,1,6,0.16666666666666666
KC,Rell,1,6,0.16666666666666666
KC,Azir,1,6,0.16666666666666666
KC,Wukong,1,6,0.16666666666666666
KC,Qiyana,1,6,0.16666666666666666
KC,Jarvan IV,1,6,0.16666666666666666
KCB,Varus,4,6,0.6666666666666666
KCB,Malphite,3,6,0.5
KCB,Orianna,3,6,0.5
KCB,Taliyah,2,6,0.3333333333333333
KCB,Neeko,2,6,0.3333333333333333
KCB,Akali,2,6,0.3333333333333333
KCB,Pantheon,1,6,0.16666666666666666
KCB,Ambessa,1,6,0.16666666666666666
KCB,Alistar,1,6,0.16666666666666666
KCB,Rell,1,6,0.16666666666666666
KCB,Rumble,1,6,0.16666666666666666
KCB,Nautilus,1,6,0.16666666666666666
KCB,Aatrox,1,6,0.16666666666666666
KCB,Yunara,1,6,0.16666666666666666
KCB,Ezreal,1,6,0.16666666666666666
KCB,Wukong,1,6,0.16666666666666666
KCB,Yone,1,6,0.16666666666666666
KCB,Lulu,1,6,0.16666666666666666
KCB,Jarvan IV,1,6,0.16666666666666666
KCB,Aurora,1,6,0.16666666666666666
KT,Malphite,7,12,0.5833333333333334
KT,Rumble,4,12,0.3333333333333333
KT,Orianna,3,12,0.25
KT,Jayce,3,12,0.25
KT,Nocturne,3,12,0.25
KT,Jarvan IV,3,12,0.25
KT,Aurora,3,12,0.25
KT,Sivir,2,12,0.16666666666666666
KT,Ziggs,2,12,0.16666666666666666
KT,Azir,2,12,0.16666666666666666
KT,Aphelios,2,12,0.16666666666666666
KT,Alistar,2,12,0.16666666666666666
KT,Trundle,2,12,0.16666666666666666
KT,Varus,2,12,0.16666666666666666
KT,Braum,2,12,0.16666666666666666
KT,Zoe,2,12,0.16666666666666666
KT,Gwen,2,12,0.16666666666666666
KT,Neeko,1,12,0.08333333333333333
KT,Corki,1,12,0.08333333333333333
KT,Nautilus,1,12,0.08333333333333333
KT,Pantheon,1,12,0.08333333333333333
KT,Ambessa,1,12,0.08333333333333333
KT,Yunara,1,12,0.08333333333333333
KT,Vi,1,12,0.08333333333333333
KT,Akali,1,12,0.08333333333333333
KT,Ezreal,1,12,0.08333333333333333
KT,Sylas,1,12,0.08333333333333333
KT,Jax,1,12,0.08333333333333333
KT,Leona,1,12,0.08333333333333333
KT,Xayah,1,12,0.08333333333333333
KT,Zeri,1,12,0.08333333333333333
LGD,Neeko,8,13,0.6153846153846154
LGD,Poppy,6,13,0.46153846153846156
LGD,Jayce,4,13,0.3076923076923077
LGD,Karma,4,13,0.3076923076923077
LGD,Sylas,3,13,0.23076923076923078
LGD,Miss Fortune,3,13,0.23076923076923078
LGD,Varus,3,13,0.23076923076923078
LGD,Orianna,3,13,0.23076923076923078
LGD,Ambessa,3,13,0.23076923076923078
LGD,LeBlanc,2,13,0.15384615384615385
LGD,Nautilus,2,13,0.15384615384615385
LGD,Alistar,2,13,0.15384615384615385
LGD,Caitlyn,2,13,0.15384615384615385
LGD,Vi,2,13,0.15384615384615385
LGD,Anivia,2,13,0.15384615384615385
LGD,Udyr,2,13,0.15384615384615385
LGD,Aurora,2,13,0.15384615384615385
LGD,Sivir,1,13,0.07692307692307693
LGD,Renata Glasc,1,13,0.07692307692307693
LGD,Corki,1,13,0.07692307692307693
LGD,Thresh,1,13,0.07692307692307693
LGD,Qiyana,1,13,0.07692307692307693
LGD,Xin Zhao,1,13,0.07692307692307693
LGD,Malphite,1,13,0.07692307692307693
LGD,Trundle,1,13,0.07692307692307693
LGD,Zyra,1,13,0.07692307692307693
LGD,Jax,1,13,0.07692307692307693
LGD,Lulu,1,13,0.07692307692307693
LGD,Ahri,1,13,0.07692307692307693
LNG,Jayce,7,11,0.6363636363636364
LNG,Orianna,7,11,0.6363636363636364
LNG,Neeko,4,11,0.36363636363636365
LNG,Azir,3,11,0.2727272727272727
LNG,Nautilus,3,11,0.2727272727272727
LNG,Rumble,2,11,0.18181818181818182
LNG,Sivir,2,11,0.18181818181818182
LNG,Poppy,2,11,0.18181818181818182
LNG,Lulu,2,11,0.18181818181818182
LNG,Malphite,2,11,0.18181818181818182
LNG,Karma,2,11,0.18181818181818182
LNG,Jarvan IV,2,11,0.18181818181818182
LNG,Ziggs,1,11,0.09090909090909091
LNG,Ezreal,1,11,0.09090909090909091
LNG,Leona,1,11,0.09090909090909091
LNG,Ambessa,1,11,0.09090909090909091
LNG,Zaahen,1,11,0.09090909090909091
LNG,Syndra,1,11,0.09090909090909091
LNG,Akali,1,11,0.09090909090909091
LNG,Taliyah,1,11,0.09090909090909091
LNG,Gnar,1,11,0.09090909090909091
LNG,Gwen,1,11,0.09090909090909091
LNG,Aphelios,1,11,0.09090909090909091
LNG,Braum,1,11,0.09090909090909091
LNG,Yunara,1,11,0.09090909090909091
LNG,Miss Fortune,1,11,0.09090909090909091
LNG,Renekton,1,11,0.09090909090909091
LNG,Wukong,1,11,0.09090909090909091
LNG,Bard,1,11,0.09090909090909091
LR,Sion,6,6,1.0
LR,Bard,4,6,0.6666666666666666
LR,Malphite,3,6,0.5
LR,Nami,2,6,0.3333333333333333
LR,Jarvan IV,2,6,0.3333333333333333
LR,Orianna,2,6,0.3333333333333333
LR,Neeko,1,6,0.16666666666666666
LR,Rakan,1,6,0.16666666666666666
LR,Braum,1,6,0.16666666666666666
LR,Jax,1,6,0.16666666666666666
LR,Nocturne,1,6,0.16666666666666666
LR,Ryze,1,6,0.16666666666666666
LR,Alistar,1,6,0.16666666666666666
LR,Corki,1,6,0.16666666666666666
LR,Cho'Gath,1,6,0.16666666666666666
LR,Dr. Mundo,1,6,0.16666666666666666
LR,Karma,1,6,0.16666666666666666
LYON,Varus,3,4,0.75
LYON,Malphite,3,4,0.75
LYON,Lulu,2,4,0.5
LYON,Neeko,2,4,0.5
LYON,Yunara,2,4,0.5
LYON,Azir,1,4,0.25
LYON,Corki,1,4,0.25
LYON,Jayce,1,4,0.25
LYON,Trundle,1,4,0.25
LYON,Xin Zhao,1,4,0.25
LYON,Akali,1,4,0.25
LYON,Lucian,1,4,0.25
LYON,Nautilus,1,4,0.25
MKOI,Jayce,4,6,0.6666666666666666
MKOI,Rumble,2,6,0.3333333333333333
MKOI,Orianna,2,6,0.3333333333333333
MKOI,Varus,2,6,0.3333333333333333
MKOI,Pantheon,2,6,0.3333333333333333
MKOI,Yunara,2,6,0.3333333333333333
MKOI,Rakan,2,6,0.3333333333333333
MKOI,Sion,1,6,0.16666666666666666
MKOI,Braum,1,6,0.16666666666666666
MKOI,Nautilus,1,6,0.16666666666666666
MKOI,K'Sante,1,6,0.16666666666666666
MKOI,Galio,1,6,0.16666666666666666
MKOI,Poppy,1,6,0.16666666666666666
MKOI,Bard,1,6,0.16666666666666666
MKOI,Jarvan IV,1,6,0.16666666666666666
MKOI,Neeko,1,6,0.16666666666666666
MKOI,Taliyah,1,6,0.16666666666666666
MKOI,Nami,1,6,0.16666666666666666
MKOI,Azir,1,6,0.16666666666666666
MKOI,Kai'Sa,1,6,0.16666666666666666
MKOI,Alistar,1,6,0.16666666666666666
NAVI,Alistar,3,6,0.5
NAVI,Neeko,2,6,0.3333333333333333
NAVI,Qiyana,2,6,0.3333333333333333
NAVI,Malphite,2,6,0.3333333333333333
NAVI,K'Sante,2,6,0.3333333333333333
NAVI,Poppy,1,6,0.16666666666666666
NAVI,Pantheon,1,6,0.16666666666666666
NAVI,Varus,1,6,0.16666666666666666
NAVI,Braum,1,6,0.16666666666666666
NAVI,Rumble,1,6,0.16666666666666666
NAVI,Jax,1,6,0.16666666666666666
NAVI,Rakan,1,6,0.16666666666666666
NAVI,Yunara,1,6,0.16666666666666666
NAVI,Sylas,1,6,0.16666666666666666
NAVI,Wukong,1,6,0.16666666666666666
NAVI,Jayce,1,6,0.16666666666666666
NAVI,Xin Zhao,1,6,0.16666666666666666
NAVI,Bard,1,6,0.16666666666666666
NAVI,Azir,1,6,0.16666666666666666
NAVI,Orianna,1,6,0.16666666666666666
NAVI,Gwen,1,6,0.16666666666666666
NAVI,Sion,1,6,0.16666666666666666
NAVI,Akali,1,6,0.16666666666666666
NAVI,Renekton,1,6,0.16666666666666666
NIP,Neeko,11,14,0.7857142857142857
NIP,Jayce,7,14,0.5
NIP,Malphite,6,14,0.42857142857142855
NIP,Rumble,5,14,0.35714285714285715
NIP,Nautilus,3,14,0.21428571428571427
NIP,Wukong,3,14,0.21428571428571427
NIP,Ambessa,3,14,0.21428571428571427
NIP,Kai'Sa,3,14,0.21428571428571427
NIP,Renata Glasc,2,14,0.14285714285714285
NIP,Sivir,2,14,0.14285714285714285
NIP,Yunara,2,14,0.14285714285714285
NIP,Gwen,2,14,0.14285714285714285
NIP,Vi,2,14,0.14285714285714285
NIP,Poppy,2,14,0.14285714285714285
NIP,Alistar,2,14,0.14285714285714285
NIP,Miss Fortune,2,14,0.14285714285714285
NIP,Thresh,1,14,0.07142857142857142
NIP,Qiyana,1,14,0.07142857142857142
NIP,Gnar,1,14,0.07142857142857142
NIP,Karma,1,14,0.07142857142857142
NIP,Ahri,1,14,0.07142857142857142
NIP,Sylas,1,14,0.07142857142857142
NIP,Aphelios,1,14,0.07142857142857142
NIP,Orianna,1,14,0.07142857142857142
NIP,Renekton,1,14,0.07142857142857142
NIP,Corki,1,14,0.07142857142857142
NIP,Seraphine,1,14,0.07142857142857142
NIP,Jarvan IV,1,14,0.07142857142857142
NIP,Pantheon,1,14,0.07142857142857142
NS,Rumble,9,15,0.6
NS,Jayce,9,15,0.6
NS,Orianna,7,15,0.4666666666666667
NS,Varus,6,15,0.4
NS,Alistar,3,15,0.2
NS,Azir,3,15,0.2
NS,Nautilus,3,15,0.2
NS,Jarvan IV,2,15,0.13333333333333333
NS,Nocturne,2,15,0.13333333333333333
NS,Xin Zhao,2,15,0.13333333333333333
NS,Gwen,2,15,0.13333333333333333
NS,Malphite,2,15,0.13333333333333333
NS,Poppy,2,15,0.13333333333333333
NS,Renekton,2,15,0.13333333333333333
NS,Ambessa,2,15,0.13333333333333333
NS,Leona,2,15,0.13333333333333333
NS,Neeko,1,15,0.06666666666666667
NS,Miss Fortune,1,15,0.06666666666666667
NS,Vi,1,15,0.06666666666666667
NS,Braum,1,15,0.06666666666666667
NS,Lulu,1,15,0.06666666666666667
NS,Wukong,1,15,0.06666666666666667
NS,Pantheon,1,15,0.06666666666666667
NS,Ezreal,1,15,0.06666666666666667
NS,Lucian,1,15,0.06666666666666667
NS,Sylas,1,15,0.06666666666666667
NS,Aphelios,1,15,0.06666666666666667
NS,Rakan,1,15,0.06666666666666667
NS,Akali,1,15,0.06666666666666667
NS,Kennen,1,15,0.06666666666666667
NS,Bard,1,15,0.06666666666666667
NS,Elise,1,15,0.06666666666666667
NS,Rell,1,15,0.06666666666666667
OMG,Jayce,5,11,0.45454545454545453
OMG,Neeko,4,11,0.36363636363636365
OMG,Varus,3,11,0.2727272727272727
OMG,Ambessa,3,11,0.2727272727272727
OMG,Rumble,3,11,0.2727272727272727
OMG,Orianna,3,11,0.2727272727272727
OMG,Akali,3,11,0.2727272727272727
OMG,Thresh,2,11,0.18181818181818182
OMG,Qiyana,2,11,0.18181818181818182
OMG,LeBlanc,2,11,0.18181818181818182
OMG,Vi,2,11,0.18181818181818182
OMG,Poppy,2,11,0.18181818181818182
OMG,Malphite,2,11,0.18181818181818182
OMG,Renekton,2,11,0.18181818181818182
OMG,Miss Fortune,2,11,0.18181818181818182
OMG,Aphelios,2,11,0.18181818181818182
OMG,Gnar,1,11,0.09090909090909091
OMG,Taliyah,1,11,0.09090909090909091
OMG,Rell,1,11,0.09090909090909091
OMG,Alistar,1,11,0.09090909090909091
OMG,Sivir,1,11,0.09090909090909091
OMG,Jhin,1,11,0.09090909090909091
OMG,Kennen,1,11,0.09090909090909091
OMG,Xayah,1,11,0.09090909090909091
OMG,Gwen,1,11,0.09090909090909091
OMG,Nocturne,1,11,0.09090909090909091
OMG,Ashe,1,11,0.09090909090909091
OMG,Ahri,1,11,0.09090909090909091
OMG,Zaahen,1,11,0.09090909090909091
SEN,Jayce,4,5,0.8
SEN,Jarvan IV,4,5,0.8
SEN,Rumble,3,5,0.6
SEN,Bard,3,5,0.6
SEN,Neeko,2,5,0.4
SEN,Poppy,1,5,0.2
SEN,Varus,1,5,0.2
SEN,Viktor,1,5,0.2
SEN,Syndra,1,5,0.2
SEN,Orianna,1,5,0.2
SEN,Lulu,1,5,0.2
SEN,Thresh,1,5,0.2
SEN,Malphite,1,5,0.2
SEN,Sivir,1,5,0.2
SHFT,Malphite,2,6,0.3333333333333333
SHFT,Nautilus,2,6,0.3333333333333333
SHFT,Neeko,2,6,0.3333333333333333
SHFT,Taliyah,2,6,0.3333333333333333
SHFT,Yunara,2,6,0.3333333333333333
SHFT,Wukong,2,6,0.3333333333333333
SHFT,Poppy,2,6,0.3333333333333333
SHFT,Varus,2,6,0.3333333333333333
SHFT,Sylas,1,6,0.16666666666666666
SHFT,Qiyana,1,6,0.16666666666666666
SHFT,Caitlyn,1,6,0.16666666666666666
SHFT,Bard,1,6,0.16666666666666666
SHFT,Rakan,1,6,0.16666666666666666
SHFT,K'Sante,1,6,0.16666666666666666
SHFT,Renekton,1,6,0.16666666666666666
SHFT,Aurora,1,6,0.16666666666666666
SHFT,Alistar,1,6,0.16666666666666666
SHFT,Azir,1,6,0.16666666666666666
SHFT,Rumble,1,6,0.16666666666666666
SHFT,Cassiopeia,1,6,0.16666666666666666
SHFT,Ambessa,1,6,0.16666666666666666
SHFT,Gnar,1,6,0.16666666666666666
SK,Akali,3,6,0.5
SK,Rumble,3,6,0.5
SK,Irelia,3,6,0.5
SK,Varus,2,6,0.3333333333333333
SK,Ryze,2,6,0.3333333333333333
SK,Neeko,2,6,0.3333333333333333
SK,Vi,2,6,0.3333333333333333
SK,Jayce,2,6,0.3333333333333333
SK,Orianna,1,6,0.16666666666666666
SK,Sylas,1,6,0.16666666666666666
SK,Rakan,1,6,0.16666666666666666
SK,Renata Glasc,1,6,0.16666666666666666
SK,Malphite,1,6,0.16666666666666666
SK,Yunara,1,6,0.16666666666666666
SK,Gwen,1,6,0.16666666666666666
SK,Ambessa,1,6,0.16666666666666666
SK,Bard,1,6,0.16666666666666666
SK,Gnar,1,6,0.16666666666666666
SK,Sejuani,1,6,0.16666666666666666
SR,Poppy,2,2,1.0
SR,Jarvan IV,2,2,1.0
SR,Jayce,1,2,0.5
SR,Nautilus,1,2,0.5
SR,Sion,1,2,0.5
SR,Gangplank,1,2,0.5
SR,Nami,1,2,0.5
SR,Gwen,1,2,0.5
T1,Bard,7,14,0.5
T1,Yunara,6,14,0.42857142857142855
T1,Malphite,5,14,0.35714285714285715
T1,Orianna,5,14,0.35714285714285715
T1,Jayce,5,14,0.35714285714285715
T1,Azir,4,14,0.2857142857142857
T1,Poppy,3,14,0.21428571428571427
T1,Pantheon,3,14,0.21428571428571427
T1,Ambessa,3,14,0.21428571428571427
T1,Aphelios,2,14,0.14285714285714285
T1,Gwen,2,14,0.14285714285714285
T1,Rumble,2,14,0.14285714285714285
T1,Wukong,2,14,0.14285714285714285
T1,Sivir,2,14,0.14285714285714285
T1,Ashe,2,14,0.14285714285714285
T1,Galio,1,14,0.07142857142857142
T1,Sion,1,14,0.07142857142857142
T1,Ezreal,1,14,0.07142857142857142
T1,Lulu,1,14,0.07142857142857142
T1,Jarvan IV,1,14,0.07142857142857142
T1,Xayah,1,14,0.07142857142857142
T1,Zeri,1,14,0.07142857142857142
T1,Neeko,1,14,0.07142857142857142
T1,Xin Zhao,1,14,0.07142857142857142
T1,Alistar,1,14,0.07142857142857142
T1,Karma,1,14,0.07142857142857142
T1,Gnar,1,14,0.07142857142857142
T1,Sylas,1,14,0.07142857142857142
T1,Nocturne,1,14,0.07142857142857142
T1,Kai'Sa,1,14,0.07142857142857142
T1,Aurora,1,14,0.07142857142857142
T1,Blitzcrank,1,14,0.07142857142857142
TES,Malphite,12,23,0.5217391304347826
TES,Jayce,10,23,0.43478260869565216
TES,Akali,8,23,0.34782608695652173
TES,Yunara,8,23,0.34782608695652173
TES,Jarvan IV,6,23,0.2608695652173913
TES,Poppy,5,23,0.21739130434782608
TES,Rumble,4,23,0.17391304347826086
TES,Orianna,4,23,0.17391304347826086
TES,Kai'Sa,4,23,0.17391304347826086
TES,Bard,3,23,0.13043478260869565
TES,Ambessa,3,23,0.13043478260869565
TES,Varus,3,23,0.13043478260869565
TES,Vi,3,23,0.13043478260869565
TES,Miss Fortune,3,23,0.13043478260869565
TES,Alistar,2,23,0.08695652173913043
TES,Sivir,2,23,0.08695652173913043
TES,Taliyah,2,23,0.08695652173913043
TES,Neeko,2,23,0.08695652173913043
TES,K'Sante,2,23,0.08695652173913043
TES,Rakan,2,23,0.08695652173913043
TES,Thresh,2,23,0.08695652173913043
TES,Aphelios,2,23,0.08695652173913043
TES,Aatrox,2,23,0.08695652173913043
TES,Qiyana,2,23,0.08695652173913043
TES,Sylas,2,23,0.08695652173913043
TES,Gnar,2,23,0.08695652173913043
TES,Aurora,2,23,0.08695652173913043
TES,Ahri,1,23,0.043478260869565216
TES,Sion,1,23,0.043478260869565216
TES,Zed,1,23,0.043478260869565216
TES,Karma,1,23,0.043478260869565216
TES,Lucian,1,23,0.043478260869565216
TES,Caitlyn,1,23,0.043478260869565216
TES,Gwen,1,23,0.043478260869565216
TES,Yone,1,23,0.043478260869565216
TES,Ryze,1,23,0.043478260869565216
TES,Trundle,1,23,0.043478260869565216
TES,Cassiopeia,1,23,0.043478260869565216
TES,Rell,1,23,0.043478260869565216
TES,Lulu,1,23,0.043478260869565216
TH,Jayce,4,6,0.6666666666666666
TH,Aphelios,3,6,0.5
TH,Varus,3,6,0.5
TH,Rumble,3,6,0.5
TH,Ambessa,2,6,0.3333333333333333
TH,Neeko,2,6,0.3333333333333333
TH,Orianna,2,6,0.3333333333333333
TH,Gnar,2,6,0.3333333333333333
TH,Vi,1,6,0.16666666666666666
TH,Alistar,1,6,0.16666666666666666
TH,Sylas,1,6,0.16666666666666666
TH,Nautilus,1,6,0.16666666666666666
TH,Renekton,1,6,0.16666666666666666
TH,Azir,1,6,0.16666666666666666
TH,Karma,1,6,0.16666666666666666
TH,Aatrox,1,6,0.16666666666666666
TH,Taliyah,1,6,0.16666666666666666
TLAW,Akali,2,2,1.0
TLAW,Malphite,1,2,0.5
TLAW,Rumble,1,2,0.5
TLAW,Nocturne,1,2,0.5
TLAW,Nautilus,1,2,0.5
TLAW,Ryze,1,2,0.5
TLAW,Jayce,1,2,0.5
TLAW,Sylas,1,2,0.5
TLAW,Ahri,1,2,0.5
TT,Rumble,7,11,0.6363636363636364
TT,Jayce,6,11,0.5454545454545454
TT,Malphite,6,11,0.5454545454545454
TT,Orianna,5,11,0.45454545454545453
TT,Nautilus,4,11,0.36363636363636365
TT,Ambessa,3,11,0.2727272727272727
TT,Gwen,2,11,0.18181818181818182
TT,Rek'Sai,2,11,0.18181818181818182
TT,Neeko,2,11,0.18181818181818182
TT,Miss Fortune,2,11,0.18181818181818182
TT,Ziggs,2,11,0.18181818181818182
TT,Ryze,1,11,0.09090909090909091
TT,LeBlanc,1,11,0.09090909090909091
TT,Braum,1,11,0.09090909090909091
TT,Pantheon,1,11,0.09090909090909091
TT,Corki,1,11,0.09090909090909091
TT,Aphelios,1,11,0.09090909090909091
TT,Kai'Sa,1,11,0.09090909090909091
TT,Leona,1,11,0.09090909090909091
TT,Qiyana,1,11,0.09090909090909091
TT,Renekton,1,11,0.09090909090909091
TT,K'Sante,1,11,0.09090909090909091
TT,Ahri,1,11,0.09090909090909091
TT,Aurora,1,11,0.09090909090909091
TT,Jax,1,11,0.09090909090909091
UP,Jayce,7,11,0.6363636363636364
UP,Orianna,6,11,0.5454545454545454
UP,Malphite,4,11,0.36363636363636365
UP,Akali,4,11,0.36363636363636365
UP,Varus,4,11,0.36363636363636365
UP,Neeko,3,11,0.2727272727272727
UP,Ryze,3,11,0.2727272727272727
UP,Alistar,2,11,0.18181818181818182
UP,Jarvan IV,2,11,0.18181818181818182
UP,Vi,2,11,0.18181818181818182
UP,Renekton,2,11,0.18181818181818182
UP,Taliyah,1,11,0.09090909090909091
UP,Azir,1,11,0.09090909090909091
UP,LeBlanc,1,11,0.09090909090909091
UP,Ahri,1,11,0.09090909090909091
UP,Qiyana,1,11,0.09090909090909091
UP,Ambessa,1,11,0.09090909090909091
UP,Xin Zhao,1,11,0.09090909090909091
UP,Yunara,1,11,0.09090909090909091
UP,Miss Fortune,1,11,0.09090909090909091
UP,Karma,1,11,0.09090909090909091
UP,Nautilus,1,11,0.09090909090909091
UP,Gwen,1,11,0.09090909090909091
UP,Pantheon,1,11,0.09090909090909091
UP,Lulu,1,11,0.09090909090909091
UP,Braum,1,11,0.09090909090909091
UP,Jax,1,11,0.09090909090909091
VIT,Pantheon,4,6,0.6666666666666666
VIT,Renekton,3,6,0.5
VIT,Jayce,3,6,0.5
VIT,Poppy,2,6,0.3333333333333333
VIT,Rumble,2,6,0.3333333333333333
VIT,Corki,2,6,0.3333333333333333
VIT,Orianna,2,6,0.3333333333333333
VIT,Rakan,2,6,0.3333333333333333
VIT,Malphite,1,6,0.16666666666666666
VIT,Azir,1,6,0.16666666666666666
VIT,Nautilus,1,6,0.16666666666666666
VIT,Varus,1,6,0.16666666666666666
VIT,Bard,1,6,0.16666666666666666
VIT,Sivir,1,6,0.16666666666666666
VIT,Kai'Sa,1,6,0.16666666666666666
VIT,Taliyah,1,6,0.16666666666666666
VIT,Lulu,1,6,0.16666666666666666
VIT,Gnar,1,6,0.16666666666666666
WBG,Neeko,13,19,0.6842105263157895
WBG,Jayce,11,19,0.5789473684210527
WBG,Orianna,7,19,0.3684210526315789
WBG,Aphelios,5,19,0.2631578947368421
WBG,Varus,5,19,0.2631578947368421
WBG,Rumble,4,19,0.21052631578947367
WBG,Sylas,4,19,0.21052631578947367
WBG,Kai'Sa,4,19,0.21052631578947367
WBG,Rakan,4,19,0.21052631578947367
WBG,Sivir,3,19,0.15789473684210525
WBG,Ryze,3,19,0.15789473684210525
WBG,Malphite,3,19,0.15789473684210525
WBG,Jhin,2,19,0.10526315789473684
WBG,Vi,2,19,0.10526315789473684
WBG,Galio,2,19,0.10526315789473684
WBG,Akali,2,19,0.10526315789473684
WBG,Ezreal,2,19,0.10526315789473684
WBG,Miss Fortune,2,19,0.10526315789473684
WBG,Xin Zhao,2,19,0.10526315789473684
WBG,Poppy,1,19,0.05263157894736842
WBG,Viktor,1,19,0.05263157894736842
WBG,Taliyah,1,19,0.05263157894736842
WBG,LeBlanc,1,19,0.05263157894736842
WBG,Gnar,1,19,0.05263157894736842
WBG,Nocturne,1,19,0.05263157894736842
WBG,Bard,1,19,0.05263157894736842
WBG,Syndra,1,19,0.05263157894736842
WBG,Ambessa,1,19,0.05263157894736842
WBG,Jarvan IV,1,19,0.05263157894736842
WBG,Jax,1,19,0.05263157894736842
WBG,Lucian,1,19,0.05263157894736842
WBG,Braum,1,19,0.05263157894736842
WBG,Ashe,1,19,0.05263157894736842
WBG,Renata Glasc,1,19,0.05263157894736842
WE,Jayce,6,12,0.5
WE,Akali,6,12,0.5
WE,Sylas,4,12,0.3333333333333333
WE,Rumble,3,12,0.25
WE,Sivir,3,12,0.25
WE,Orianna,3,12,0.25
WE,Varus,3,12,0.25
WE,Malphite,2,12,0.16666666666666666
WE,Alistar,2,12,0.16666666666666666
WE,Dr. Mundo,2,12,0.16666666666666666
WE,Jarvan IV,2,12,0.16666666666666666
WE,Aphelios,2,12,0.16666666666666666
WE,Azir,2,12,0.16666666666666666
WE,Rakan,2,12,0.16666666666666666
WE,Zaahen,1,12,0.08333333333333333
WE,Neeko,1,12,0.08333333333333333
WE,Braum,1,12,0.08333333333333333
WE,Karma,1,12,0.08333333333333333
WE,Renekton,1,12,0.08333333333333333
WE,Renata Glasc,1,12,0.08333333333333333
WE,Xin Zhao,1,12,0.08333333333333333
WE,Poppy,1,12,0.08333333333333333
WE,Sion,1,12,0.08333333333333333
WE,LeBlanc,1,12,0.08333333333333333
WE,Ahri,1,12,0.08333333333333333
WE,Nautilus,1,12,0.08333333333333333
WE,Ryze,1,12,0.08333333333333333
WE,Jax,1,12,0.08333333333333333
WE,Pantheon,1,12,0.08333333333333333
WE,Jhin,1,12,0.08333333333333333
WE,Lulu,1,12,0.08333333333333333
WE,Corki,1,12,0.08333333333333333
