champion,role,meta_score
Rengar,TOP,0.6629999999999997
Anivia,TOP,0.7297500000000003
Sylas,TOP,0.8527499999999995
Olaf,TOP,0.6112499999999998
Kennen,TOP,0.6015000000000001
Riven,TOP,0.6910000000000005
Gangplank,TOP,0.5482500000000001
Fiora,TOP,0.6802499999999994
Varus,TOP,1.0
Zed,TOP,0.7887500000000005
Quinn,TOP,0.5204999999999997
Udyr,TOP,0.4160000000000003
Rek'Sai,TOP,0.11224999999999985
Kayle,TOP,0.5085000000000002
Cassiopeia,TOP,0.4994999999999998
Shen,TOP,0.4837500000000008
Urgot,TOP,0.47850000000000015
Gwen,TOP,0.7107500000000001
Rumble,TOP,0.551
Yasuo,TOP,0.7122499999999996
Poppy,TOP,0.49074999999999996
Volibear,TOP,0.44625000000000026
Jayce,TOP,1.0
Sejuani,TOP,0.030500000000000693
Pantheon,TOP,0.4267500000000004
Singed,TOP,0.41850000000000037
Darius,TOP,0.4877500000000005
Zaahen,TOP,0.4287499999999998
Jax,TOP,0.7227500000000004
Aurora,TOP,0.40875000000000017
Tahm Kench,TOP,0.10274999999999918
Warwick,TOP,0.4027499999999993
Cho'Gath,TOP,0.399
Vayne,TOP,0.40124999999999944
Gragas,TOP,0.3907500000000001
Irelia,TOP,0.5717500000000002
Akali,TOP,0.925
Gnar,TOP,0.36975
Swain,TOP,0.3569999999999999
Teemo,TOP,0.35550000000000015
Ambessa,TOP,0.5947500000000001
Naafiri,TOP,0.06474999999999997
Kled,TOP,0.32550000000000023
Aatrox,TOP,0.3227500000000001
Vladimir,TOP,0.3487499999999997
Wukong,TOP,0.0
Ornn,TOP,0.28800000000000026
Illaoi,TOP,0.28800000000000026
Tryndamere,TOP,0.28800000000000026
Nasus,TOP,0.26624999999999976
Mordekaiser,TOP,0.26549999999999996
Renekton,TOP,0.27824999999999983
K'Sante,TOP,0.25875000000000026
Garen,TOP,0.2557499999999997
Heimerdinger,TOP,0.0
Dr. Mundo,TOP,0.2497499999999999
Camille,TOP,0.24525000000000022
Trundle,TOP,0.0
Sion,TOP,0.21675000000000003
Sett,TOP,0.21449999999999994
Zac,TOP,0.010750000000000176
Yorick,TOP,0.16349999999999998
Malphite,TOP,0.673
Ryze,TOP,0.1529999999999999
Yone,TOP,0.12525000000000014
Rengar,JUNGLE,0.9774999999999993
Zyra,JUNGLE,0.6262499999999995
Karthus,JUNGLE,0.63575
Rek'Sai,JUNGLE,0.6105
Ivern,JUNGLE,0.6052499999999994
Bel'Veth,JUNGLE,0.5764999999999999
Nidalee,JUNGLE,0.5692500000000003
Gragas,JUNGLE,0.16624999999999968
Shaco,JUNGLE,0.6179999999999999
Zac,JUNGLE,0.5429999999999997
Qiyana,JUNGLE,0.8679999999999997
Skarner,JUNGLE,0.18899999999999956
Taliyah,JUNGLE,0.4687499999999995
Kindred,JUNGLE,0.4679999999999996
Rammus,JUNGLE,0.46350000000000047
Master Yi,JUNGLE,0.5114999999999998
Fiddlesticks,JUNGLE,0.44849999999999923
Evelynn,JUNGLE,0.4477500000000005
Lee Sin,JUNGLE,0.6097499999999999
Diana,JUNGLE,0.8892500000000001
Kha'Zix,JUNGLE,0.4917500000000004
Volibear,JUNGLE,0.4237499999999994
Talon,JUNGLE,0.6947499999999995
Elise,JUNGLE,0.40724999999999995
Ekko,JUNGLE,0.7835000000000001
Aatrox,JUNGLE,0.4030000000000007
Udyr,JUNGLE,0.3772499999999996
Sejuani,JUNGLE,0.36675
Nunu & Willump,JUNGLE,0.36675
Graves,JUNGLE,0.3569999999999999
Gwen,JUNGLE,0.5900000000000002
Lillia,JUNGLE,0.34575
Jarvan IV,JUNGLE,0.3404999999999999
Zed,JUNGLE,0.9019999999999999
Xin Zhao,JUNGLE,0.33299999999999985
Dr. Mundo,JUNGLE,0.32400000000000007
Warwick,JUNGLE,0.2059999999999999
Nocturne,JUNGLE,0.30074999999999985
Hecarim,JUNGLE,0.2849999999999998
Pantheon,JUNGLE,0.07974999999999971
Jayce,JUNGLE,0.873
Vi,JUNGLE,0.2670000000000001
Sylas,JUNGLE,0.45075000000000004
Wukong,JUNGLE,0.23550000000000004
Naafiri,JUNGLE,0.23575000000000018
Ambessa,JUNGLE,0.4567499999999999
Jax,JUNGLE,0.5172499999999998
Viego,JUNGLE,0.30175
Briar,JUNGLE,0.17400000000000004
Kayn,JUNGLE,0.1162499999999998
Malphite,JUNGLE,0.5492500000000001
Amumu,JUNGLE,0.0
Qiyana,MID,1.0
Quinn,MID,0.21475
Zoe,MID,0.8875000000000001
Singed,MID,0.16224999999999978
Vel'Koz,MID,0.6382500000000004
Neeko,MID,0.40899999999999975
Kennen,MID,0.1052499999999994
Zilean,MID,0.17825000000000013
Talon,MID,0.8500000000000001
Akshan,MID,0.5842500000000002
Anivia,MID,0.5587500000000007
Katarina,MID,0.7175000000000002
Aurelion Sol,MID,0.53325
Kassadin,MID,0.6022499999999998
Sion,MID,0.2920000000000002
Kayle,MID,0.49124999999999974
Vex,MID,0.4807499999999998
Varus,MID,1.0
Twisted Fate,MID,0.4679999999999996
Ekko,MID,0.8270000000000004
Gragas,MID,0.0
Viego,MID,0.3574999999999999
Pantheon,MID,0.12525000000000003
Zed,MID,0.9852500000000004
Galio,MID,0.41025000000000045
Taliyah,MID,0.40950000000000064
Ahri,MID,0.39674999999999994
Jayce,MID,0.99075
Xerath,MID,0.3720000000000001
Fizz,MID,0.36675
Naafiri,MID,0.3887500000000001
Swain,MID,0.35399999999999987
Morgana,MID,0.0
Yasuo,MID,0.59225
Cassiopeia,MID,0.3390000000000002
Vladimir,MID,0.3832499999999998
Akali,MID,0.8845000000000001
Syndra,MID,0.34974999999999995
Orianna,MID,0.32999999999999985
Diana,MID,0.77675
LeBlanc,MID,0.7247499999999998
Cho'Gath,MID,0.0
Sylas,MID,0.5145000000000002
Irelia,MID,0.49
Lissandra,MID,0.30000000000000004
Lux,MID,0.28800000000000026
Ryze,MID,0.2722500000000002
Aurora,MID,0.2670000000000001
Hwei,MID,0.26400000000000023
Veigar,MID,0.24224999999999974
Viktor,MID,0.24149999999999994
Malzahar,MID,0.23849999999999996
Annie,MID,0.03775000000000012
Malphite,MID,0.4464999999999996
Ziggs,MID,0.0
Yone,MID,0.16875
Corki,MID,0.16199999999999976
Azir,MID,0.12525000000000014
Tristana,MID,0.0
Ambessa,MID,0.0
Smolder,MID,0.0
Mel,MID,0.3999999999999999
Swain,ADC,0.7462499999999996
Veigar,ADC,0.6050000000000006
Vel'Koz,ADC,0.47500000000000003
Yasuo,ADC,0.89225
Ziggs,ADC,0.627
Karthus,ADC,0.4094999999999995
Lux,ADC,0.5587500000000007
Cassiopeia,ADC,0.34974999999999995
Seraphine,ADC,0.528
Jinx,ADC,0.52725
Zeri,ADC,0.5227499999999994
Tristana,ADC,0.5204999999999997
Kog'Maw,ADC,0.5115000000000001
Aurelion Sol,ADC,0.5054999999999996
Corki,ADC,0.4327500000000002
Ashe,ADC,0.4305000000000007
Nilah,ADC,0.4297499999999998
Twitch,ADC,0.4109999999999992
Varus,ADC,0.9547499999999998
Draven,ADC,0.8305000000000007
Miss Fortune,ADC,0.37950000000000017
Samira,ADC,0.375
Yunara,ADC,0.37049999999999983
Aphelios,ADC,0.7172499999999999
Hwei,ADC,0.0
Caitlyn,ADC,0.5222499999999998
Sivir,ADC,0.36650000000000016
Vayne,ADC,0.33900000000000013
Lucian,ADC,0.3640000000000001
Kalista,ADC,0.33074999999999977
Mel,ADC,0.7277499999999997
Xayah,ADC,0.3157500000000001
Jhin,ADC,0.2865
Kai'Sa,ADC,0.2782500000000001
Smolder,ADC,0.17699999999999994
Ezreal,ADC,0.1349999999999998
Taric,SUPPORT,0.6517499999999994
Anivia,SUPPORT,0.06775000000000064
Braum,SUPPORT,0.8959999999999992
Elise,SUPPORT,0.5160000000000002
Thresh,SUPPORT,0.5010000000000006
Poppy,SUPPORT,0.5312499999999999
Alistar,SUPPORT,0.48225
Zilean,SUPPORT,0.46949999999999936
Janna,SUPPORT,0.46949999999999936
Fiddlesticks,SUPPORT,0.06350000000000044
Leona,SUPPORT,0.46124999999999994
Neeko,SUPPORT,0.4560000000000004
Bard,SUPPORT,0.4707499999999998
Sona,SUPPORT,0.43575000000000014
Senna,SUPPORT,0.4192500000000003
Rell,SUPPORT,0.41850000000000037
Pyke,SUPPORT,1.0
Rakan,SUPPORT,0.39525000000000027
Nami,SUPPORT,0.39224999999999977
Blitzcrank,SUPPORT,0.44750000000000006
Zyra,SUPPORT,0.35850000000000004
Seraphine,SUPPORT,0.35624999999999996
Lulu,SUPPORT,0.40649999999999986
Renata Glasc,SUPPORT,0.33824999999999983
Lux,SUPPORT,0.30225000000000013
Nautilus,SUPPORT,0.42024999999999996
Pantheon,SUPPORT,0.29774999999999996
Vel'Koz,SUPPORT,0.2954999999999999
Tahm Kench,SUPPORT,0.29474999999999996
Soraka,SUPPORT,0.2902499999999998
Karma,SUPPORT,0.32524999999999976
Zoe,SUPPORT,0.3960000000000002
Swain,SUPPORT,0.26624999999999976
Morgana,SUPPORT,0.26549999999999996
Maokai,SUPPORT,0.24224999999999974
Nidalee,SUPPORT,0.0
Milio,SUPPORT,0.20325000000000004
LeBlanc,SUPPORT,0.19725000000000004
Shaco,SUPPORT,0.0047500000000000875
Brand,SUPPORT,0.0
Xerath,SUPPORT,0.04100000000000027
Sylas,SUPPORT,0.10149999999999987
Yuumi,SUPPORT,0.050999999999999976
Mel,SUPPORT,0.3999999999999999
