patch,champion,role,winrate,pickrate,banrate
26.2,Rengar,TOP,54.94,0.60,17.70
26.2,Anivia,TOP,54.73,1.00,2.70
26.2,Sylas,TOP,53.57,1.30,13.40
26.2,Olaf,TOP,53.15,2.80,2.10
26.2,Kennen,TOP,53.02,4.30,3.80
26.2,Riven,TOP,52.68,5.20,9.60
26.2,Gangplank,TOP,52.31,5.00,4.60
26.2,Fiora,TOP,51.97,5.10,11.30
26.2,Varus,TOP,51.95,4.70,26.90
26.2,Zed,TOP,51.95,0.70,27.70
26.2,Quinn,TOP,51.94,1.00,1.00
26.2,Udyr,TOP,51.88,0.90,1.20
26.2,Rek'Sai,TOP,51.83,0.60,2.70
26.2,Kayle,TOP,51.78,2.70,4.10
26.2,Cassiopeia,TOP,51.66,1.40,2.20
26.2,Shen,TOP,51.45,3.70,0.40
26.2,Urgot,TOP,51.38,3.10,0.60
26.2,Gwen,TOP,51.31,4.00,14.50
26.2,Rumble,TOP,51.28,5.20,8.20
26.2,Yasuo,TOP,51.13,3.10,15.10
26.2,Poppy,TOP,51.11,1.20,6.30
26.2,Volibear,TOP,50.95,2.90,2.40
26.2,Jayce,TOP,50.87,4.30,29.00
26.2,Sejuani,TOP,50.74,0.60,0.10
26.2,Pantheon,TOP,50.69,1.60,0.80
26.2,Singed,TOP,50.58,3.00,1.40
26.2,Darius,TOP,50.57,4.40,7.80
26.2,Zaahen,TOP,50.55,6.00,5.50
26.2,Jax,TOP,50.47,7.10,17.50
26.2,Aurora,TOP,50.45,1.40,1.70
26.2,Tahm Kench,TOP,50.37,0.70,0.20
26.2,Warwick,TOP,50.37,1.20,0.50
26.2,Cho'Gath,TOP,50.32,2.00,0.40
26.2,Vayne,TOP,50.25,3.40,5.30
26.2,Gragas,TOP,50.21,2.50,0.60
26.2,Irelia,TOP,50.09,5.10,12.60
26.2,Akali,TOP,50.00,2.90,27.00
26.2,Gnar,TOP,49.93,4.30,1.20
26.2,Swain,TOP,49.76,1.00,1.00
26.2,Teemo,TOP,49.74,1.30,0.90
26.2,Ambessa,TOP,49.63,7.40,14.90
26.2,Naafiri,TOP,49.53,0.70,6.00
26.2,Kled,TOP,49.34,1.80,0.50
26.2,Aatrox,TOP,49.17,6.30,5.40
26.2,Vladimir,TOP,49.05,2.80,6.80
26.2,Wukong,TOP,48.95,0.60,0.60
26.2,Ornn,TOP,48.84,4.20,0.20
26.2,Illaoi,TOP,48.84,1.20,0.70
26.2,Tryndamere,TOP,48.84,1.80,1.60
26.2,Nasus,TOP,48.55,2.20,1.40
26.2,Mordekaiser,TOP,48.54,2.90,1.60
26.2,Renekton,TOP,48.51,6.60,5.60
26.2,K'Sante,TOP,48.45,6.00,2.80
26.2,Garen,TOP,48.41,2.90,0.70
26.2,Heimerdinger,TOP,48.38,0.70,0.60
26.2,Dr. Mundo,TOP,48.33,3.60,4.00
26.2,Camille,TOP,48.27,2.90,0.70
26.2,Trundle,TOP,48.25,0.50,0.30
26.2,Sion,TOP,47.89,4.70,0.90
26.2,Sett,TOP,47.86,2.60,0.60
26.2,Zac,TOP,47.81,0.80,2.20
26.2,Yorick,TOP,47.18,2.10,2.30
26.2,Malphite,TOP,47.14,6.10,25.50
26.2,Ryze,TOP,47.04,2.10,4.60
26.2,Yone,TOP,46.67,3.10,1.70
26.2,Rengar,JUNGLE,53.80,4.90,17.70
26.2,Zyra,JUNGLE,53.35,1.50,1.40
26.2,Karthus,JUNGLE,53.31,2.30,5.50
26.2,Rek'Sai,JUNGLE,53.14,4.50,2.70
26.2,Ivern,JUNGLE,53.07,2.20,1.10
26.2,Bel'Veth,JUNGLE,52.62,1.80,5.20
26.2,Nidalee,JUNGLE,52.59,3.30,3.00
26.2,Gragas,JUNGLE,52.55,0.60,0.60
26.2,Shaco,JUNGLE,52.54,3.20,7.10
26.2,Zac,JUNGLE,52.24,3.70,2.20
26.2,Qiyana,JUNGLE,51.94,5.10,18.90
26.2,Skarner,JUNGLE,51.52,0.70,0.10
26.2,Taliyah,JUNGLE,51.25,4.40,3.10
26.2,Kindred,JUNGLE,51.24,2.20,3.20
26.2,Rammus,JUNGLE,51.18,1.00,0.90
26.2,Master Yi,JUNGLE,51.12,3.60,7.10
26.2,Fiddlesticks,JUNGLE,50.98,2.00,1.70
26.2,Evelynn,JUNGLE,50.97,2.20,1.90
26.2,Lee Sin,JUNGLE,50.93,13.20,11.60
26.2,Diana,JUNGLE,50.89,10.00,22.90
26.2,Kha'Zix,JUNGLE,50.69,9.20,7.60
26.2,Volibear,JUNGLE,50.65,3.20,2.40
26.2,Talon,JUNGLE,50.63,5.40,15.90
26.2,Elise,JUNGLE,50.43,2.40,4.60
26.2,Ekko,JUNGLE,50.38,9.10,20.20
26.2,Aatrox,JUNGLE,50.24,2.40,5.40
26.2,Udyr,JUNGLE,50.03,1.40,1.20
26.2,Sejuani,JUNGLE,49.89,1.00,0.10
26.2,Nunu & Willump,JUNGLE,49.89,3.50,3.40
26.2,Graves,JUNGLE,49.76,4.00,2.60
26.2,Gwen,JUNGLE,49.70,3.60,14.50
26.2,Lillia,JUNGLE,49.61,1.80,0.90
26.2,Jarvan IV,JUNGLE,49.54,7.60,1.80
26.2,Zed,JUNGLE,49.46,4.40,27.70
26.2,Xin Zhao,JUNGLE,49.44,2.50,0.40
26.2,Dr. Mundo,JUNGLE,49.32,2.70,4.00
26.2,Warwick,JUNGLE,49.08,0.90,0.50
26.2,Nocturne,JUNGLE,49.01,2.10,0.70
26.2,Hecarim,JUNGLE,48.80,4.30,3.90
26.2,Pantheon,JUNGLE,48.73,0.80,0.80
26.2,Jayce,JUNGLE,48.64,9.70,29.00
26.2,Vi,JUNGLE,48.56,3.10,0.50
26.2,Sylas,JUNGLE,48.21,3.90,13.40
26.2,Wukong,JUNGLE,48.14,2.10,0.60
26.2,Naafiri,JUNGLE,47.81,1.90,6.00
26.2,Ambessa,JUNGLE,47.79,4.00,14.90
26.2,Jax,JUNGLE,47.73,1.50,17.50
26.2,Viego,JUNGLE,47.39,18.00,9.90
26.2,Briar,JUNGLE,47.32,1.40,0.80
26.2,Kayn,JUNGLE,46.55,2.20,1.40
26.2,Malphite,JUNGLE,45.49,2.20,25.50
26.2,Amumu,JUNGLE,44.94,0.70,0.30
26.2,Qiyana,MID,54.58,4.30,18.90
26.2,Quinn,MID,54.53,0.50,1.00
26.2,Zoe,MID,54.00,5.00,13.50
26.2,Singed,MID,53.83,0.50,1.40
26.2,Vel'Koz,MID,53.51,1.10,0.40
26.2,Neeko,MID,53.12,0.80,4.00
26.2,Kennen,MID,53.07,0.50,3.80
26.2,Zilean,MID,52.71,0.60,1.30
26.2,Talon,MID,52.70,2.70,15.90
26.2,Akshan,MID,52.49,4.10,5.90
26.2,Anivia,MID,52.45,3.50,2.70
26.2,Katarina,MID,52.20,7.20,12.10
26.2,Aurelion Sol,MID,52.11,2.10,0.60
26.2,Kassadin,MID,51.83,5.80,8.60
26.2,Sion,MID,51.56,0.80,0.90
26.2,Kayle,MID,51.55,1.20,4.10
26.2,Vex,MID,51.41,1.90,1.70
26.2,Varus,MID,51.41,1.30,26.90
26.2,Twisted Fate,MID,51.24,5.80,1.80
26.2,Ekko,MID,50.96,4.00,20.20
26.2,Gragas,MID,50.86,0.50,0.60
26.2,Viego,MID,50.80,0.80,9.90
26.2,Pantheon,MID,50.67,0.70,0.80
26.2,Zed,MID,50.57,6.60,27.70
26.2,Galio,MID,50.47,6.30,2.50
26.2,Taliyah,MID,50.46,4.10,3.10
26.2,Ahri,MID,50.29,6.60,0.90
26.2,Jayce,MID,50.21,1.30,29.00
26.2,Xerath,MID,49.96,3.20,1.50
26.2,Fizz,MID,49.89,2.50,1.20
26.2,Naafiri,MID,49.85,2.60,6.00
26.2,Swain,MID,49.72,1.40,1.00
26.2,Morgana,MID,49.66,0.60,3.40
26.2,Yasuo,MID,49.53,7.30,15.10
26.2,Cassiopeia,MID,49.52,1.40,2.20
26.2,Vladimir,MID,49.51,2.70,6.80
26.2,Akali,MID,49.46,8.30,27.00
26.2,Syndra,MID,49.43,7.20,5.70
26.2,Orianna,MID,49.40,7.60,4.30
26.2,Diana,MID,49.39,2.30,22.90
26.2,LeBlanc,MID,49.33,4.30,21.00
26.2,Cho'Gath,MID,49.24,0.60,0.40
26.2,Sylas,MID,49.06,7.20,13.40
26.2,Irelia,MID,49.00,2.60,12.60
26.2,Lissandra,MID,49.00,2.70,0.70
26.2,Lux,MID,48.84,2.30,0.90
26.2,Ryze,MID,48.63,10.50,4.60
26.2,Aurora,MID,48.56,3.20,1.70
26.2,Hwei,MID,48.52,2.40,0.90
26.2,Veigar,MID,48.23,2.00,0.20
26.2,Viktor,MID,48.22,5.50,2.40
26.2,Malzahar,MID,48.18,2.70,1.40
26.2,Annie,MID,48.17,0.80,0.10
26.2,Malphite,MID,48.12,0.70,25.50
26.2,Ziggs,MID,47.87,0.60,0.50
26.2,Yone,MID,47.25,4.10,1.70
26.2,Corki,MID,47.16,1.10,2.00
26.2,Azir,MID,46.67,2.60,0.70
26.2,Tristana,MID,46.44,0.80,1.60
26.2,Ambessa,MID,46.35,0.60,14.90
26.2,Smolder,MID,44.31,1.00,2.90
26.2,Mel,MID,43.39,2.70,21.00
26.2,Swain,ADC,54.95,2.00,1.00
26.2,Veigar,ADC,54.40,0.90,0.20
26.2,Vel'Koz,ADC,54.00,0.80,0.40
26.2,Yasuo,ADC,53.53,1.50,15.10
26.2,Ziggs,ADC,53.36,2.30,0.50
26.2,Karthus,ADC,52.96,0.80,5.50
26.2,Lux,ADC,52.45,1.20,0.90
26.2,Cassiopeia,ADC,52.33,0.80,2.20
26.2,Seraphine,ADC,52.04,1.70,0.70
26.2,Jinx,ADC,52.03,11.20,1.60
26.2,Zeri,ADC,51.97,3.20,0.10
26.2,Tristana,ADC,51.94,4.50,1.60
26.2,Kog'Maw,ADC,51.82,1.60,0.20
26.2,Aurelion Sol,ADC,51.74,1.00,0.60
26.2,Corki,ADC,50.77,7.20,2.00
26.2,Ashe,ADC,50.74,5.50,0.90
26.2,Nilah,ADC,50.73,2.00,3.80
26.2,Twitch,ADC,50.48,5.80,4.00
26.2,Varus,ADC,50.43,12.90,26.90
26.2,Draven,ADC,50.24,3.90,22.50
26.2,Miss Fortune,ADC,50.06,6.10,2.10
26.2,Samira,ADC,50.00,3.30,2.10
26.2,Yunara,ADC,49.94,13.80,3.80
26.2,Aphelios,ADC,49.93,15.10,18.90
26.2,Hwei,ADC,49.77,0.50,0.90
26.2,Caitlyn,ADC,49.73,11.90,11.70
26.2,Sivir,ADC,49.52,8.10,6.10
26.2,Vayne,ADC,49.42,3.30,5.30
26.2,Lucian,ADC,49.42,10.30,6.30
26.2,Kalista,ADC,49.41,1.00,0.20
26.2,Mel,ADC,49.37,1.30,21.00
26.2,Xayah,ADC,49.21,2.20,0.50
26.2,Jhin,ADC,48.82,10.50,0.30
26.2,Kai'Sa,ADC,48.71,16.80,2.00
26.2,Smolder,ADC,47.36,5.70,2.90
26.2,Ezreal,ADC,46.80,13.30,3.70
26.2,Taric,SUPPORT,53.69,2.20,0.30
26.2,Anivia,SUPPORT,52.57,0.50,2.70
26.2,Braum,SUPPORT,52.08,12.20,19.60
26.2,Elise,SUPPORT,51.88,1.90,4.60
26.2,Thresh,SUPPORT,51.68,11.90,4.70
26.2,Poppy,SUPPORT,51.65,2.10,6.30
26.2,Alistar,SUPPORT,51.43,7.30,2.40
26.2,Zilean,SUPPORT,51.26,2.60,1.30
26.2,Janna,SUPPORT,51.26,6.90,2.70
26.2,Fiddlesticks,SUPPORT,51.18,0.60,1.70
26.2,Leona,SUPPORT,51.15,6.90,2.20
26.2,Neeko,SUPPORT,51.08,4.40,4.00
26.2,Bard,SUPPORT,51.01,9.30,5.80
26.2,Sona,SUPPORT,50.81,8.00,4.70
26.2,Senna,SUPPORT,50.59,3.90,0.40
26.2,Rell,SUPPORT,50.58,5.50,1.30
26.2,Pyke,SUPPORT,50.54,6.40,40.50
26.2,Rakan,SUPPORT,50.27,6.80,0.70
26.2,Nami,SUPPORT,50.23,14.70,2.00
26.2,Blitzcrank,SUPPORT,50.10,5.30,7.60
26.2,Zyra,SUPPORT,49.78,1.10,1.40
26.2,Seraphine,SUPPORT,49.75,3.30,0.70
26.2,Lulu,SUPPORT,49.72,12.00,7.10
26.2,Renata Glasc,SUPPORT,49.51,1.20,0.10
26.2,Lux,SUPPORT,49.03,1.70,0.90
26.2,Nautilus,SUPPORT,48.97,12.60,9.90
26.2,Pantheon,SUPPORT,48.97,2.00,0.80
26.2,Vel'Koz,SUPPORT,48.94,1.30,0.40
26.2,Tahm Kench,SUPPORT,48.93,1.00,0.20
26.2,Soraka,SUPPORT,48.87,4.80,2.00
26.2,Karma,SUPPORT,48.87,11.80,6.40
26.2,Zoe,SUPPORT,48.78,0.90,13.50
26.2,Swain,SUPPORT,48.55,1.30,1.00
26.2,Morgana,SUPPORT,48.54,1.90,3.40
26.2,Maokai,SUPPORT,48.23,1.10,0.10
26.2,Nidalee,SUPPORT,48.08,0.70,3.00
26.2,Milio,SUPPORT,47.71,5.80,3.20
26.2,LeBlanc,SUPPORT,47.63,0.60,21.00
26.2,Shaco,SUPPORT,47.03,0.80,7.10
26.2,Brand,SUPPORT,46.90,0.80,0.40
26.2,Xerath,SUPPORT,46.88,0.90,1.50
26.2,Sylas,SUPPORT,46.22,0.80,13.40
26.2,Yuumi,SUPPORT,45.18,3.70,6.50
26.2,Mel,SUPPORT,43.70,1.00,21.00
